https://www.actionnetwork.com/betting-calculators/betting-hedging-calculator,ActionNetwork,USA,Resource,Sports Betting,Unbranded,9/19/2023,,,,,,No,,,Hedging Calculator,Sports Betting Hedging Calculator | The Action Network,Use the hedging calculator to see how you can guarantee yourself a profit on your live bets. Enter your bets and see how much you need to hedge.
https://www.actionnetwork.com/betting-calculators/betting-odds-calculator,ActionNetwork,USA,Resource,Sports Betting,Unbranded,3/14/2023,,,,,,No,,,Betting Odds Calculator,Betting Odds Calculator & Converter | The Action Network,"The betting odds calculator allows you to input your stake & odds in American, Decimal, or Fractional formats to quickly calculate the payout for your bets."
https://www.actionnetwork.com/betting-calculators/parlay-calculator,ActionNetwork,USA,Resource,Sports Betting,Unbranded,9/19/2023,,,,,,No,,,Parlay Calculator,Parlay Calculator - Free Parlay Sports  Betting Odds Calculator,Get help calculating Parlay Odds using The Action Network's Parlay Calculator to make informed sports betting decisions.
https://www.actionnetwork.com/mlb/futures,ActionNetwork,USA,Betting Guide,Sports Betting,Unbranded (Sports Betting),3/20/2025,,,,,,No,,,MLB Futures Betting Odds,MLB Futures Odds - MLB Futures Betting Odds,Interested in making a futures bet on baseball? Get the latest MLB Futures Odds for betting futures markets here.
https://www.actionnetwork.com/nba/futures,ActionNetwork,USA,Betting Odds,Sports Betting,Unbranded,10/21/2024,,,,,,No,,,NBA Futures Betting Odds,"NBA Futures Betting Odds |  Championships, Finals & Playoffs Future Betting Odds","Get the latest NBA futures odds and analysis for the 2022 Finals, Division Races, Conference Championships, and Individual Awards."
https://www.actionnetwork.com/ncaab/futures,ActionNetwork,USA,Resource,Sports Betting,Unbranded,3/3/2025,,,,,,No,,,NCAAB Futures Betting Odds,College Basketball Futures | NCAAB Futures Betting Odds,Check out the latest college basketball futures odds with March Madness around the corner to make your Conference Championships and NCAA Tournament bets!
https://www.actionnetwork.com/ncaaf/futures,ActionNetwork,USA,Betting Odds,Sports Betting,Unbranded,9/24/2024,,,,,,No,,,NCAAF Futures Betting Odds,NCAAF Futures Odds | College Football Futures Betting Odds,Get the latest College Football Futures Odds for betting futures markets here.
https://www.actionnetwork.com/news/legal-sports-betting-united-states-projections,ActionNetwork,USA,Resource,Sports Betting,Unbranded,6/20/2023,,,,,,No,,,Where Is Sports Betting Legal? Updated Projections for All 50 States,Where Is Sports Betting Legal? Updated Projections for All 50 States - November 2024,"Read more on the when experts think your state will officially legalize sports betting, both at physical locations and online."
https://www.actionnetwork.com/nfl/best-nfl-betting-apps-2024,ActionNetwork,USA,Betting Sites,Sports Betting,Unbranded,8/13/2024,,,,,,No,,,Best NFL Betting Apps: Top Sportsbooks for Football Betting in 2025,Best NFL Betting Apps: Top Sportsbooks for Betting in 2025,"Learn more about all the exciting characteristics of the best NFL betting apps, as well as their respective welcome offers."
https://www.actionnetwork.com/nfl/best-nfl-betting-promos,ActionNetwork,USA,Betting Sites,Sports Betting,Unbranded,8/16/2024,,,,,,No,,,Best NFL Betting Promos & Sportsbooks 2025,Best NFL Betting Promos & Sportsbooks 2025,What better way to get in on the action than with the help of the best NFL betting promos? We’re sharing the top online sportsbooks along with their
https://www.actionnetwork.com/nfl/futures,ActionNetwork,USA,Betting Odds,Sports Betting,Unbranded,9/24/2024,,,,,,No,,,NFL Betting Futures Odds,NFL Futures Odds,"NFL futures odds are NFL predictions associated with larger payouts, which is why it is not uncommon to see high odds like +6000."
https://www.actionnetwork.com/nhl/best-nhl-betting-sites-canada,ActionNetwork,Canada,Betting Sites,Sports Betting,Unbranded (Sports Betting),10/24/2024,,,,,,No,,,The Best NHL Betting Sites in Canada,The Best NHL Betting Sites in Canada,There is not shortage of options to choose from if you're looking for the best NHL Betting Sites in Canada. Learn more here.
https://www.actionnetwork.com/nhl/futures,ActionNetwork,USA,Betting Odds,Sports Betting,Unbranded,10/21/2024,,,,,,No,,,NHL Futures Betting Odds,NHL Futures Odds - NHL Futures Betting Odds,Interested in making some futures bets on NH action? You can get the latest NHL Futures Odds for betting futures markets here!
https://www.actionnetwork.com/odds,ActionNetwork,USA,Resource,Sports Betting,Unbranded,9/19/2023,,,,,,No,,,Sports Betting Odds,"Sports Betting Odds | Live Odds, Spreads & Betting Lines","Get real-time sports betting odds, including point spreads, moneylines and over/unders, from the best online sportsbooks so you always get the best lines."
https://www.actionnetwork.com/online-sports-betting/reviews/bally-bet-sportsbook,ActionNetwork,USA,Review,Sports Betting,Bally Bet Sportsbook,6/20/2023,,"July 11, 2023",817,,,No,,,Bally Bet Sportsbook Promo Code,Bally Bet Sportsbook Promo Code - New users: Register to Bet $50+ and Get $150!,New users can get $150 if you bet $50 or more! Bally Bet. No promo code required to claim this current promotion!
https://www.actionnetwork.com/online-sports-betting/reviews/barstool-sportsbook,ActionNetwork,USA,Review,Sports Betting,Barstool Sportsbook,3/14/2023,,"March 15, 2023",935,,,No,,,ESPN BET Promo Code: ACTION for $100 in Bonus Bets!,ESPN BET Promo Code: ACTION for $100 in Bonus Bets!,"Use ESPN BET promo code ACTION to earn this offer: Bet $10, Get $100 in bonus bets + 30 days of ESPN+! Learn more by reading this ESPN BET review."
https://www.actionnetwork.com/online-sports-betting/reviews/best-march-madness-betting-promos,ActionNetwork,USA,Promo Code,Sports Betting,Unbranded,3/6/2025,,,,,,No,,,Best Final Four March Madness Betting Promos Right Now,Best Final Four Betting Promos & Bonuses for 2025,"Find the best Final Four betting promos for 2025 from sportsbooks like BetMGM, DraftKings, FanDuel, and more. Claim your exclusive offers today!"
https://www.actionnetwork.com/online-sports-betting/reviews/best-political-betting-sites,ActionNetwork,USA,Hub Page,Sports Betting,Unbranded (Sports Betting),4/23/2025,,,,,,No,,,,,
https://www.actionnetwork.com/online-sports-betting/reviews/bet99-sportsbook,ActionNetwork,Canada,Review,Sports Betting,Bet99 Sportsbook,4/25/2024,,,,,,No,,,BET99 Sportsbook Promo Code,"BET99 Sportsbook Promo Code - 100% Matching Bonus, Up to $1,500!","Check out BET99 Sportsbooks for daily odds on the latest sporting action. New users receive a 100% deposit matching bonus, up to $1,500! No promo code required!"
https://www.actionnetwork.com/online-sports-betting/reviews/bet99-sportsbook-ontario,ActionNetwork,"Ontario, Canada",Review,Sports Betting,Bet99 Sportsbook,3/14/2024,,,,,,No,,,BET99 Sportsbook Ontario Review,"BET99 Ontario Sportsbook Review March, 2025",BET99 is now available in Ontario. Read our review of this great sportsbook option for those in Ontario.
https://www.actionnetwork.com/online-sports-betting/reviews/bet365,ActionNetwork,USA,Review,Sports Betting,bet365 Sportsbook,3/14/2023,,"June 22, 2023",836,,,No,,,"bet365 Bonus Code: ACTION for $1,000 in Bonus Bets!","bet365 Bonus Code: ACTION for $1,000 in Bonus Bets!","Use our bet365 bonus code ACTION to claim these exclusive offers: Bet $5 to receive $150 in Bonus Bets, or enjoy a First Bet Safety Net up to $1,000."
https://www.actionnetwork.com/online-sports-betting/reviews/bet365-arizona,ActionNetwork,Arizona,"Partner+State, Review",Sports Betting,bet365 Sportsbook,10/2/2023,,,,,,No,,,bet365 Arizona Bonus Code — ACTION,bet365 Arizona Bonus Code April 2025 — ACTION,bet365 Arizona is now live! Use our promo code ACTION when signing up to choose between either the $1k or $100 in bonus bets offers today.
https://www.actionnetwork.com/online-sports-betting/reviews/bet365-canada,ActionNetwork,Canada,Review,Sports Betting,bet365 Sportsbook,12/20/2023,,,,,,No,,,bet365 Canada Sportsbook Review,bet365 Canada Sportsbook Review March 2025,Action Network's 2024 bet365 Canada Sportsbook review tells you all you need to know to bet with this easy to use app. Bonus Offer: 1st Bet Safety Net up to $1K!
https://www.actionnetwork.com/online-sports-betting/reviews/bet365-illinois,ActionNetwork,Illinois,Review,Social Sportsbook,bet365 Sportsbook,9/24/2024,,,,,,No,,,bet365 Illinois Bonus Code: ACTION,bet365 IL Bonus Code: ACTION for Bet $5 Get $150 Bonus + $50 More!,The bet365 Illinois Bonus Code is now live! Use code ACTION to take advantage of the following offer: Bet $5 Get $150 in Bonus Bets + $50 More if 1+ Point is Scored on Thursday!
https://www.actionnetwork.com/online-sports-betting/reviews/bet365-indiana,ActionNetwork,Indiana,"Partner+State, Review",Sports Betting,bet365 Sportsbook,12/6/2023,,,,,,No,,,bet365 Indiana Bonus Code 2025,bet365 Indiana Bonus Code — Get a First Bet Safety Net up to $1K in Bonus Bets!,bet365 has officially launched in Indiana! Read our review of bet365 Indiana for more information on the new user offers and more details..
https://www.actionnetwork.com/online-sports-betting/reviews/bet365-kentucky,ActionNetwork,Kentucky,"Partner+State, Review",Sports Betting,bet365 Sportsbook,9/12/2023,,,,,,No,,,bet365 Kentucky Bonus Code,bet365 Kentucky Bonus Code 2025: ACTION,"bet365 is live in KY! Use the bet365 KY bonus code ACTION to choose either a First Bet Safety Net up to $1,000 in Bonus Bets or Bet $5, Get $100 in Bonus Bets"
https://www.actionnetwork.com/online-sports-betting/reviews/bet365-louisiana,ActionNetwork,Louisiana,"Partner+State, Review",Sports Betting,bet365 Sportsbook,11/7/2023,,,,,,No,,,bet365 Louisiana Bonus Code,bet365 Louisiana Bonus Code 2025 - ACTION,bet365 Louisiana is officially here! Use our bet365 LA bonus code ACTION to choose between two offers. Learn more here.
https://www.actionnetwork.com/online-sports-betting/reviews/bet365-north-carolina,ActionNetwork,North Carolina,"Partner+State, Review",Sports Betting,bet365 Sportsbook,9/19/2023,,,,,,No,,,"bet365 North Carolina Bonus Code ACTION | Get a First Bet Safety Net up to $1,000 in Bonus Bets!","bet365 North Carolina Bonus Code ACTION | Get a First Bet Safety Net up to $1,000 in Bonus Bets!","The bet365 North Carolina bonus code is ACTION, where NC sports bettors can choose between either $100 or $1,000 in bonus bets! Read on to learn more about bet365 NC!"
https://www.actionnetwork.com/online-sports-betting/reviews/bet365-ohio,ActionNetwork,Ohio,"Review, Partner+State",Sports Betting,bet365 Sportsbook,6/22/2023,,,,,,No,,,bet365 Ohio Bonus Code,bet365 Ohio Bonus Code 2025 - ACTION,"Learn about the bet365 sportsbook mobile app in Ohio, how to sign up, and how to choose either $1,000 or $100 in bonus bets with offer code ACTION."
https://www.actionnetwork.com/online-sports-betting/reviews/bet365-pa,ActionNetwork,Pennsylvania,Review,Sports Betting,bet365 Sportsbook,7/8/2024,,,,,,No,bet365 pa bonus code,,"bet365 PA Bonus Code | Bet $5, Get $150 in Bonus Bets Win or Lose + 50 Casino Spins!","bet365 PA Bonus Code 2025 |  Bet $5, Get $150 in Bonus Bets Win or Lose + more",bet365 is live in Pennsylvania! Get your bet365 PA bonus code to start using this sportsbook in the Keystone State.
https://www.actionnetwork.com/online-sports-betting/reviews/bet365-refer-a-friend,ActionNetwork,USA,Review,Sports Betting,bet365 Sportsbook,2/5/2024,,,,,,No,,,bet365 Refer A Friend | Earn $50 in Bonus Bets,How to Get the bet365 Refer a Friend Bonus Code April 2025,"We outline the bet365 refer a friend bonus code, sign up process, and sports betting tips."
https://www.actionnetwork.com/online-sports-betting/reviews/bet365-tennessee,ActionNetwork,Tennessee,Review,Sports Betting,bet365 Sportsbook,1/6/2025,,,,,,No,,,bet365 Tennessee Bonus Code: ACTION,bet365 TN Bonus Code: ACTION for Bet $5 Get $150 Bonus!,The bet365 Tennessee bonus code is now live! Use bonus code ACTION to take advantage of a Bet $5 Get $150 in Bonus Bets + More promo! Read our review for more.
https://www.actionnetwork.com/online-sports-betting/reviews/bet365-va,ActionNetwork,Virginia,"Review, Partner+State",Sports Betting,bet365 Sportsbook,6/22/2023,,,,,,No,,,bet365 Virginia Bonus Code,"bet365 Virginia Bonus Code - April, 2025","bet365 Virginia users can choose either the Bet $5, Get $100 in Bonus Bets or the Get a First Bet Safety Net up to $1,000 in Bonus Bets offer!"
https://www.actionnetwork.com/online-sports-betting/reviews/bet365/bet-boost,ActionNetwork,USA,Resource,Sports Betting,bet365 Sportsbook,5/5/2025,,,,,,No,,,,,
https://www.actionnetwork.com/online-sports-betting/reviews/bet365/kansas,ActionNetwork,Kansas,"Review Cluster, Partner+State",Sports Betting,bet365 Sportsbook,7/11/2025,,,,,,No,,,,,
https://www.actionnetwork.com/online-sports-betting/reviews/bet365/maryland,ActionNetwork,Maryland,Partner+State,Sports Betting,bet365 Sportsbook,8/5/2025,"August 5, 2025",,,,,No,,,,,
https://www.actionnetwork.com/online-sports-betting/reviews/bet365/missouri,ActionNetwork,Missouri,Partner+State,Sports Betting,bet365 Sportsbook,7/24/2025,,,,,,No,,,,,
https://www.actionnetwork.com/online-sports-betting/reviews/betano-ontario,ActionNetwork,"Ontario, Canada",Review,Sports Betting,Betano Sportsbook,4/17/2024,,,,,,No,,,Betano Ontario Sportsbook Review,Betano Ontario Sportsbook Review 2024,"Check out our full review of Betano Ontario. We cover pros and cons, betting markets, payments, and more! Learn more here."
https://www.actionnetwork.com/online-sports-betting/reviews/betcris,ActionNetwork,USA,Review,Sports Betting,BetCris Sportsbook,5/19/2025,,,,,,No,,,,,
https://www.actionnetwork.com/online-sports-betting/reviews/betfred,ActionNetwork,USA,Review,Sports Betting,Betfred Sportsbook,3/14/2023,,"June 20, 2023",838,,,No,,,Betfred Bonus Code,"Betfred Promo Code March 2025: Get Up To $1,111 Value","Use our Betfred promo code to claim up to $1,111 in Fred Bets when you bet $50. Learn more in the Action Network Betfred Sports review."
https://www.actionnetwork.com/online-sports-betting/reviews/betmgm,ActionNetwork,USA,Review,Sports Betting,BetMGM Sportsbook,3/14/2023,,"August 7, 2023",790,,,No,,,"BetMGM Bonus Code: ACTIONGET1 to Bet $10, Get $150 in Bonus Bets If You Win!","BetMGM Bonus Code: ACTIONGET1 to Bet $10, Get $150 if You Win","The BetMGM bonus code is ACTIONGET1! Claim the code to Bet $5, Get $150 in Bonus Bets if your bet wins! Learn more by reading our sportsbook review."
https://www.actionnetwork.com/online-sports-betting/reviews/betmgm-az,ActionNetwork,Arizona,"Review, Partner+State",Sports Betting,BetMGM Sportsbook,6/22/2023,,,,,,No,,,BetMGM Arizona Bonus Code,"BetMGM AZ Bonus Code March, 2025 - TAN1600 for a deposit match up to $1,600 in Sports Bonus!","Read our review on the BetMGM Arizona bonus code - use TAN1600 to Get a 20% First Deposit Match up to $1,600 in Sports Bonus!"
https://www.actionnetwork.com/online-sports-betting/reviews/betmgm-kentucky,ActionNetwork,Kentucky,"Partner+State, Review",Sports Betting,BetMGM Sportsbook,9/26/2023,,,,,,No,,,BetMGM Kentucky Bonus Code,"BetMGM KY Bonus Code April, 2025 - TAN1600  for  up to $1,600 in Sports Bonus","Get a 20% First Deposit Match up to $1,600 in Sports Bonus using code TAN1600 Terms and conditions apply-- we've got the details here."
https://www.actionnetwork.com/online-sports-betting/reviews/betmgm-maryland,ActionNetwork,Maryland,"Review, Partner+State",Sports Betting,BetMGM Sportsbook,6/22/2023,,,,,,No,,,BetMGM Maryland Bonus Code,"BetMGM Maryland Bonus Code March, 2025 - TAN1600 for a $1.600 Deposit Match!","Use the BetMGM Maryland bonus code TAN1600 for the following offer: Get a 20% First Deposit Match up to $1,600 in Sports Bonus!"
https://www.actionnetwork.com/online-sports-betting/reviews/betmgm-north-carolina,ActionNetwork,North Carolina,"Partner+State, Review",Sports Betting,BetMGM Sportsbook,9/14/2023,,,,,,No,,,"BetMGM North Carolina Bonus Code TAN1600 | Get a 20% Deposit Match up to $1,600 in Sports Bonus!","BetMGM NC Bonus Code March, 2025 - TAN1600 for a $1.600 Deposit Match!",Learn about the BetMGM North Carolina bonus code TAN1600 to unlock a $1.600 Deposit Match!
https://www.actionnetwork.com/online-sports-betting/reviews/betmgm-ohio,ActionNetwork,Ohio,"Review, Partner+State",Sports Betting,BetMGM Sportsbook,6/22/2023,,,,,,No,,,BetMGM Ohio Bonus Code,"BetMGM Ohio Bonus Code 2025 - AN1500 to unlock up to $1,500 in Bonus Bets!","Learn about the BetMGM bonus code AN1500 to unlock up to $1,500 in Bonus Bets! Get all the information you need about BetMGM in our detailed sportsbook review."
https://www.actionnetwork.com/online-sports-betting/reviews/betmgm-ontario,ActionNetwork,"Ontario, Canada",Review,"Casino, Sports Betting","BetMGM Casino, BetMGM Sportsbook",4/17/2024,,,,,,No,betmgm ontario,,BetMGM Ontario Review,BetMGM Ontario Sportsbook and Casino Review,"Check out our review of BetMGM Ontario Sportsbook and Casino! We cover pros and cons, betting markets, casino games, and more."
https://www.actionnetwork.com/online-sports-betting/reviews/betmgm-refer-a-friend,ActionNetwork,USA,Review,Sports Betting,BetMGM Sportsbook,1/22/2024,,,,,,No,betmgm refer a friend,,BetMGM Refer A Friend | Earn Up to $100!,BetMGM Refer A Friend | Earn Up to $100!,"Learn about the BetMGM Refer A Friend bonus offer here. Check out the different referral bonuses for BetMGM's sportsbook, casino, and poker products."
https://www.actionnetwork.com/online-sports-betting/reviews/betmgm-vs-draftkings,ActionNetwork,USA,Review,Sports Betting,"BetMGM Sportsbook, DraftKings Sportsbook",11/2/2023,,,,,,No,,,BetMGM vs. DraftKings,BetMGM vs. DraftKings — Which is Better in 2025?,"BetMGM vs. DraftKings: Explore expert reviews on bonuses, betting options, and user experience to choose the best platform for your sports betting needs."
https://www.actionnetwork.com/online-sports-betting/reviews/betmgm-vs-fanduel,ActionNetwork,USA,Review,Sports Betting,"BetMGM Sportsbook, FanDuel Sportsbook",10/24/2023,,,,,,No,,,BetMGM vs. FanDuel,BetMGM vs. FanDuel - Which is Better in 2025?,Trying to pick between FanDuel vs. BetMGM? Consult our verdict from our expert reviewers to determine which sportsbook is right for you.
https://www.actionnetwork.com/online-sports-betting/reviews/betmgm/odds-boost-token,ActionNetwork,USA,Resource,Sports Betting,BetMGM Sportsbook,5/5/2025,,,,,,No,,,,,
https://www.actionnetwork.com/online-sports-betting/reviews/betr-sportsbook,ActionNetwork,USA,Review,Sports Betting,"Betr Sportsbook, Betr Picks",6/20/2023,,,,,,No,,,Betr Picks Promo Code: ACTION for $250 First Entry Match,Betr Promo Code 2025: 'ACTION' for $250 First Entry Match,"New users can redeem the following Betr Promo Code offer: Get Your First Entry Matched up to $250, Win or Lose! Use the promo code ACTION to redeem this offer."
https://www.actionnetwork.com/online-sports-betting/reviews/betrivers,ActionNetwork,USA,Review,Sports Betting,BetRivers Sportsbook,5/23/2023,"April 16, 2021",,,,,No,,,BetRivers Promo Code,BetRivers Promo Code 2025 | Get up to a $500 Bonus Bet!,New users are eligible to receive up to $250 or $500 in 2nd Chance Bonus Bets by signing up with BetRivers Sportsbook. Read our BetRivers promo code review!
https://www.actionnetwork.com/online-sports-betting/reviews/betvictor,ActionNetwork,Canada,Review,Sports Betting,BetVictor Sportsbook,9/3/2024,,,,,,No,,,BetVictor Promo Code,BetVictor Promo Code 2024,"Check out Action Network's BetVictor Promo Code review! We discuss BetVictor's bonuses, betting markets, and more."
https://www.actionnetwork.com/online-sports-betting/reviews/betway,ActionNetwork,USA,Review,Sports Betting,Betway Sportsbook,6/20/2023,,,,,,No,,,Betway Promo Code & Sportsbook Review,Betway Promo Code & Review | The Action Network,"Read The Action Network's review of Betway Sportsbook. Join today and win up to $5,000 each week with Betway Big Pick!"
https://www.actionnetwork.com/online-sports-betting/reviews/bleacher-nation-fantasy,ActionNetwork,USA,Review,Sports Betting,Bleacher Nation Fantasy,10/15/2024,,,,,,No,,,Bleacher Nation Fantasy Promo Code: SWEATFREE,Bleacher Nation Fantasy Promo Code: SWEATFREE for $250,Use our Bleacher Nation Fantasy promo code SWEATFREE to secure the welcome offer of Get a $250 Sweat-Free First Entry! Use the links on this page to get yours!
https://www.actionnetwork.com/online-sports-betting/reviews/boom-fantasy,ActionNetwork,USA,Review,Sports Betting,Boom Fantasy,10/14/2024,,,,,,No,,,Boom Fantasy Promo Code ACTION for Entry up to $100,Boom Fantasy Promo Code ACTION for up to $100 March 2025,"Claim Boom Fantasy's Get a Risk-Free Entry up to $100! promo. Get how-to steps to sign up, and review insights here in this Boom Fantasy promo code review."
https://www.actionnetwork.com/online-sports-betting/reviews/boomers,ActionNetwork,Nevada,Review,Sports Betting,Boomer's Sportsbook,7/22/2025,,,,,,No,,,,,
https://www.actionnetwork.com/online-sports-betting/reviews/caesars-arizona,ActionNetwork,Arizona,"Review, Partner+State",Sports Betting,Caesars Sportsbook,6/22/2023,,,,,,No,,,Caesars Arizona Promo Code,Caesars Sportsbook Promo Code AZ - March 2025,"Caesars AZ promo code ACTIONBG1 lets new users Bet $1, Get $150 in Bonus Bets If You Win!. Get steps to sign up for Caesars Sportsbook as well as our review and insights here."
https://www.actionnetwork.com/online-sports-betting/reviews/caesars-new-york,ActionNetwork,New York,"Review, Partner+State",Sports Betting,Caesars Sportsbook,6/22/2023,,,,,,No,,,Caesars New York Promo Code,Caesars Promo Code NY - March 2025,New users can utilize Caesars Sportsbook NY promo code  to
https://www.actionnetwork.com/online-sports-betting/reviews/caesars-north-carolina,ActionNetwork,North Carolina,"Partner+State, Review",Sports Betting,Caesars Sportsbook,9/19/2023,,,,,,No,,,"Caesars North Carolina Promo Code ACTIONDYW | Bet $5, Get $150 in Bonus Bets!","Caesars North Carolina Promo Code ACTIONDYW | Bet $5, Get $150 in Bonus Bets!","The Caesars North Carolina promo code ACTIONDYW unlocks the sportsbook's Bet $5, Get $150 in Bonus Bets welcome offer!"
https://www.actionnetwork.com/online-sports-betting/reviews/caesars-ohio,ActionNetwork,Ohio,"Review, Partner+State",Sports Betting,Caesars Sportsbook,6/22/2023,,,,,,No,,,Caesars Sportsbook Ohio Promo Code,"Caesars Sportsbook Ohio Promo Code - March, 2025","Ohio residents, Bet $1, Get $150 in Bonus Bets If You Win! Use Caesars Sportsbook promo code ACTIONBG1. Read more to learn how."
https://www.actionnetwork.com/online-sports-betting/reviews/caesars-sportsbook,ActionNetwork,USA,Review,Sports Betting,Caesars Sportsbook,3/14/2023,,"March 15, 2023",935,,,No,,,Caesars Sportsbook Promo Code April 2025,Caesars Sportsbook Promo Code: Use Code ACTIONDYW,"New users can use Caesars Sportsbook promo code ACTIONDYW to be able to Bet $1+, and get 10 100% Profit Boost Tokens! Read more in our review here."
https://www.actionnetwork.com/online-sports-betting/reviews/caesars-sportsbook-kentucky,ActionNetwork,Kentucky,"Partner+State, Review",Sports Betting,Caesars Sportsbook,9/27/2023,,,,,,No,,,Caesars Sportsbook Kentucky Promo Code,"Caesars Kentucky Promo Code ACTION22DYW | Bet $1+, Get 10 100% Profit Boost Tokens!",Caesars Sportsbook KY is now live! New users can sign up using the Caesars Sportsbook Kentucky promo code ACTION22DYW to earn 10 100% Profit Boost Tokens!
https://www.actionnetwork.com/online-sports-betting/reviews/caesars-sportsbook-maryland,ActionNetwork,Maryland,"Review, Partner+State",Sports Betting,Caesars Sportsbook,6/22/2023,,,,,,No,,,Caesars Maryland Promo Code,Caesars Sportsbook Maryland Promo Code - March 2025,"Maryland residents can Bet $1, Get $150 in Bonus Bets If You Win! using Caesars Sportsbook promo code ACTIONBG1. Read more to learn how."
https://www.actionnetwork.com/online-sports-betting/reviews/caesars-sportsbook/odds-boost,ActionNetwork,USA,Review Cluster,Sports Betting,Caesars Sportsbook,4/30/2025,,,,,,No,,,,,
https://www.actionnetwork.com/online-sports-betting/reviews/caesars-vs-betmgm,ActionNetwork,USA,Review,Sports Betting,"BetMGM Sportsbook, Caesars Sportsbook",11/9/2023,,"November 9, 2023",696,,,No,,,Caesars vs. BetMGM,Caesars vs. BetMGM - Which Sportsbook Is Better in 2025?,Trying to decide between Ceasars vs. BetMGM? Check out our verdict from expert reviewers to determine which sportsbook is the right choice.
https://www.actionnetwork.com/online-sports-betting/reviews/caesars-vs-fanduel,ActionNetwork,USA,Review,Sports Betting,"Caesars Sportsbook, FanDuel Sportsbook",11/2/2023,,,,,,No,,,Caesars vs. FanDuel,Caesars vs. FanDuel - Which is Better in 2025?,Our reviewers compared two of the top legal online sportsbooks in the US - FanDuel vs. Caesars. Read one for our verdict about which book is best.
https://www.actionnetwork.com/online-sports-betting/reviews/club-world-cup-betting-promos,ActionNetwork,USA,Betting Sites,Sports Betting,Unbranded (Sports Betting),5/14/2025,,,,,,No,,,,,
https://www.actionnetwork.com/online-sports-betting/reviews/crab-sports,ActionNetwork,Maryland,Review,Sports Betting,Crab Sports Sportsbook,5/22/2024,,,,,,No,,,Crab Sports Maryland Promo Code,Crab Sports Maryland Promo Code,"Crab Sports Maryland users can get first bet insurance up to $500! Use the promo code ACTION for this offer and check out our complete review of Crab Sports for pros and cons, website and app review, and more!"
https://www.actionnetwork.com/online-sports-betting/reviews/crypto,ActionNetwork,USA,Review,Sports Betting,Crypto.com,2/12/2025,,,,,,No,,,Crypto.com Sports Review,Crypto.com Sports Review: Improving Sports Event Trading with Blockchain,"Learn how Crypto.com revolutionizes sports event trading with blockchain technology. From processes, supported sports, security features, to the future of this platform."
https://www.actionnetwork.com/online-sports-betting/reviews/dabble,ActionNetwork,USA,Review,Sports Betting,Dabble,2/14/2024,,,,,,No,,,Dabble Promo Code: Action to Get $25 When You Sign-Up to Dabble!,Dabble Promo Code: ACTION for $25 Signup Bonus,"Claim the Dabble promo code ACTION when registering for this community-focused DFS platform and get a $25 signup bonus, no deposit required!"
https://www.actionnetwork.com/online-sports-betting/reviews/draftkings,ActionNetwork,USA,Review,Sports Betting,DraftKings Sportsbook,6/20/2023,,,,,,No,,,"DraftKings Promo Code: Bet $5, Get $150 Instantly + a $50 Bonus Bet on First Deposit!",DraftKings Promo Code: Get $200 in Bonus Bets With Our Code!,Unlock a $200 bonus with our exclusive DraftKings promo code. Read our in-depth DraftKings review to discover more about this offer and additional benefits.
https://www.actionnetwork.com/online-sports-betting/reviews/draftkings-pick6,ActionNetwork,USA,Review,Sports Betting,DraftKings PIck6,11/25/2024,,,,,,No,,,"DraftKings Pick6 Promo Code: Play $5, Get $50 in Pick6 Credits!","DraftKings Pick6 Promo Code: Play $5, Get $50!",Unlock our DraftKings Pick6 promo code and claim $50 in bonuses today. Play $5 on your first Pick Set and receive $50 in Pick6 Credits! Read more here!
https://www.actionnetwork.com/online-sports-betting/reviews/draftkings-predict,ActionNetwork,USA,Review,Sports Betting,DraftKings Predict,3/28/2025,,,,,,No,,,DraftKings Predict Promo Code April 2025,DraftKings Predict Promo Code for Prediction Markets,Learn more about DraftKings Predict and the DraftKings Predict Promo Code here. DraftKings Predict is a new prediction market platform that could launch soon.
https://www.actionnetwork.com/online-sports-betting/reviews/draftkings-sportsbook-north-carolina,ActionNetwork,North Carolina,Review,Sports Betting,DraftKings Sportsbook,12/20/2023,,,,,,No,,,"DraftKings NC Promo Code: Bet $5, Get $150 + $50 Bonus Bet","DraftKings NC Promo Code: Bet $5, Get $200 Instantly + a $50 Bonus Bet on First Deposit!",Unlock the DraftKings North Carolina promo code and enjoy a premier betting experience with diverse sports markets and user-friendly features. Sign up now!
https://www.actionnetwork.com/online-sports-betting/reviews/draftkings-vs-fanduel,ActionNetwork,USA,Review,Sports Betting,"DraftKings Sportsbook, FanDuel Sportsbook",10/12/2023,,,,,,No,,,DraftKings vs. FanDuel,DraftKings vs. FanDuel — Which is Better in 2025?,Our reviewers compared two of the top legal online sportsbooks in the US — FanDuel vs. DraftKings. Read one for our verdict about which book is best.
https://www.actionnetwork.com/online-sports-betting/reviews/draftkings/odds-boost,ActionNetwork,USA,Resource,Sports Betting,DraftKings Sportsbook,4/2/2025,,,,,,No,,,,,
https://www.actionnetwork.com/online-sports-betting/reviews/draftkings/refer-a-friend,ActionNetwork,USA,Review Cluster,Sports Betting,DraftKings Sportsbook,7/10/2025,,,,,,No,,,,,
https://www.actionnetwork.com/online-sports-betting/reviews/espn-bet,ActionNetwork,USA,Review,Sports Betting,ESPN BET Sportsbook,10/16/2023,,,,,,No,ESPN BET promo code,,ESPN BET Promo Code: ACTION for $100 in Bonus Bets!,ESPN BET Promo Code: ACTION for $100 in Bonus Bets!,"Use ESPN BET promo code ACTION to earn this offer: Bet $10, Get $100 in bonus bets + 30 days of ESPN+! Learn more by reading this ESPN BET review."
https://www.actionnetwork.com/online-sports-betting/reviews/espn-bet-kentucky,ActionNetwork,Kentucky,"Partner+State, Review",Sports Betting,ESPN BET Sportsbook,10/24/2023,,,,,,No,,,ESPN BET Kentucky Promo Code TANBONUS,ESPN BET Kentucky Promo Code 2025 - Use Code ACTION,ESPN BET Kentucky is now live! Read our review and use promo code ACTION to redeem the pending Welcome Offer!
https://www.actionnetwork.com/online-sports-betting/reviews/espn-bet-massachusetts,ActionNetwork,Massachusetts,"Partner+State, Review",Sports Betting,ESPN BET Sportsbook,10/24/2023,,,,,,No,,,"ESPN BET Massachusetts Promo Code TANBONUS | Bet $10, Get $100 in Bonus Bets + 30 days of ESPN+!",ESPN BET Massachusetts Promo Code TANBONUS,Use the ESPN BET MA promo code TANBONUS when you make a qualifying bet on this new sportsbook from PENN Entertainment.
https://www.actionnetwork.com/online-sports-betting/reviews/espn-bet-michigan,ActionNetwork,Michigan,"Partner+State, Review",Sports Betting,ESPN BET Sportsbook,10/23/2023,,,,,,No,,,ESPN BET Michigan Promo Code: TANBONUS,"ESPN BET Michigan Promo Code TANBONUS | <a href=""https://switchboard.actionnetwork.com/offers?affiliateId=1791&campaignId=6512&stateCode=MI&context=web-book-state-review"" rel=""nofollow noopener"" target=""_blank"">Bet $10, Get $100 in Bonus Bets + 30 days of ESPN+!</a>","ESPN BET Michigan is now live! Sign up now with the ESPN BET Michigan promo code TANBONUS to unlock the <a href=""https://switchboard.actionnetwork.com/offers?affiliateId=1791&campaignId=6512&stateCode=MI&context=web-book-state-review"" rel=""nofollow noopener"" target=""_blank"">Bet $10, Get $100 in Bonus Bets + 30 days of ESPN+!</a> welcome offer!"
https://www.actionnetwork.com/online-sports-betting/reviews/espn-bet-new-jersey,ActionNetwork,New Jersey,"Partner+State, Review",Sports Betting,ESPN BET Sportsbook,10/23/2023,,,,,,No,,,ESPN BET New Jersey Promo Code TANBONUS,ESPN BET New Jersey Promo Code - Use Code TANBONUS,ESPN BET New Jersey is finally here! Read our review of this impressive new sportsbook and use our promo code TANBONUS
https://www.actionnetwork.com/online-sports-betting/reviews/fanatics-sportsbook,ActionNetwork,USA,Review,Sports Betting,Fanatics Sportsbook,3/14/2023,,,,,,No,,,"Fanatics Sportsbook Promo: Bet $30, Get $300 in Bonus Bets!",Fanatics Sportsbook Promo: Bet $30 Get $300 in Bonus Bets!,Unlock the following exclusive Fanatics Sportsbook promo offer: Bet $30 Get $300 in Bonus Bets! Learn more by reading this Fanatics review!
https://www.actionnetwork.com/online-sports-betting/reviews/fanatics-sportsbook-kentucky,ActionNetwork,Kentucky,"Partner+State, Review",Sports Betting,Fanatics Sportsbook,9/14/2023,,,,,,No,,,"Fanatics Sportsbook KY Promo Code: Bet and Get up to $1,000 in No Sweat Bets!","Fanatics Sportsbook KY Promo Code -  Bet and Get up to $1,000 in No Sweat Bets!","Fanatics Sportsbook Kentucky is live! No Fanatics Sportsbook KY promo code is required to redeem the offer: Bet and Get up to $1,000 in No Sweat Bets!"
https://www.actionnetwork.com/online-sports-betting/reviews/fanatics-sportsbook-massachusetts,ActionNetwork,Massachusetts,"Partner+State, Review",Sports Betting,Fanatics Sportsbook,12/6/2023,,,,,,No,,,Fanatics Sportsbook MA Promo Code:,"Fanatics Sportsbook MA Promo Code: Bet $30, Get $300 in Bonus Bets!","Fanatics Sportsbook Massachusetts is now live! No Fanatics Sportsbook MA promo code is required to redeem the following: Bet $30, Get $300 in Bonus Bets!"
https://www.actionnetwork.com/online-sports-betting/reviews/fanatics-sportsbook-michigan,ActionNetwork,Michigan,"Partner+State, Review",Sports Betting,Fanatics Sportsbook,12/6/2023,,,,,,No,,,Fanatics Sportsbook MI Promo Code,Fanatics Sportsbook MI Promo Code 2025,"Fanatics Sportsbook Michigan is live! Sign up to unlock the offers: Bet and Get up to $1,000 in No Sweat Bets! or Bet $30 Get $300 in Bonus Bets!"
https://www.actionnetwork.com/online-sports-betting/reviews/fanatics-sportsbook-new-jersey-promo-code,ActionNetwork,New Jersey,"Partner+State, Review",Sports Betting,Fanatics Sportsbook,11/29/2023,,,,,,No,,,Fanatics Sportsbook New Jersey Promo Code,Fanatics Sportsbook New Jersey Promo Code,"Sign up with Fanatics Sportsbook in New Jersey and grab yourself a welcome bonus: Bet $30, Get $300 in Bonus Bets!"
https://www.actionnetwork.com/online-sports-betting/reviews/fanatics-sportsbook-north-carolina,ActionNetwork,North Carolina,"Partner+State, Review",Sports Betting,Fanatics Sportsbook,9/15/2023,,,,,,No,,,"Fanatics Sportsbook North Carolina Promo Code | Bet $30, Get $300 in Bonus Bets!","Fanatics Sportsbook North Carolina Promo Code | Bet $30, Get $300 in Bonus Bets!","Read our Fanatics Sportsbook North Carolina Promo Code review! Register to take advantage of the offer: Bet $30, Get $300 in Bonus Bets!"
https://www.actionnetwork.com/online-sports-betting/reviews/fanatics-sportsbook-west-virginia,ActionNetwork,West Virginia,"Partner+State, Review",Sports Betting,Fanatics Sportsbook,11/15/2023,,,,,,No,,,"Fanatics Sportsbook West Virginia Promo Code: Bet and Get up to $1,000 in No Sweat Bets!",Fanatics Sportsbook West Virginia Promo Code 2025,"Fanatics Sportsbook West Virginia is now live with a new exclusive welcome offer! This offer requires no promo code: Bet $30, Get $300 in Bonus Bets!"
https://www.actionnetwork.com/online-sports-betting/reviews/fanduel,ActionNetwork,USA,Review,Sports Betting,FanDuel Sportsbook,3/14/2023,,"March 15, 2023",935,,,No,,,FanDuel Promo Code - Bet $5 Get $200 in Bonus Bets If Your Bet Wins!,"FanDuel Promo Code 2025: Bet $5, Get $200 in Bonus Bets If Your Bet Wins!","No FanDuel promo code needed:  Bet $5, Get $200 in Bonus Bets If Your Bet Wins! Learn how to sign up, claim your bonus bets, and more."
https://www.actionnetwork.com/online-sports-betting/reviews/fanduel-arizona,ActionNetwork,Arizona,Review,Sports Betting,FanDuel Sportsbook,6/20/2023,,,,,,No,,,FanDuel Arizona Promo Code,FanDuel Arizona Promo Code April 2025,"New FanDuel AZ users can ""Bet $5 Get $200 in Bonus Bets If Your Bet Wins!"""
https://www.actionnetwork.com/online-sports-betting/reviews/fanduel-kentucky,ActionNetwork,Kentucky,"Partner+State, Review",Sports Betting,FanDuel Sportsbook,9/7/2023,,,,,,No,,,FanDuel Kentucky Promo Code,FanDuel Kentucky Promo Code | April 2025,Register with the FanDuel Kentucky promo code to Bet $5 Get $200 in Bonus Bets If Your Bet Wins! today!
https://www.actionnetwork.com/online-sports-betting/reviews/fanduel-maryland,ActionNetwork,Maryland,"Review, Partner+State",Sports Betting,FanDuel Sportsbook,6/22/2023,,,,,,No,,,FanDuel Maryland Promo Code,FanDuel Maryland Promo Code: Bet $5 Get $200 in Bonus Bets If Your Bet Wins!,"FanDuel Maryland users can redeem a ""Bet $5 Get $200 in Bonus Bets If Your Bet Wins!"" offer. Check out our complete review for more details."
https://www.actionnetwork.com/online-sports-betting/reviews/fanduel-new-york,ActionNetwork,New York,"Review, Partner+State",Sports Betting,FanDuel Sportsbook,6/22/2023,,,,,,No,,,FanDuel Promo Code NY,FanDuel NY Promo Code 2025,No FanDuel New York promo code is required to claim the following offer:  Bet $5 Get $200 in Bonus Bets If Your Bet Wins! Learn more here!
https://www.actionnetwork.com/online-sports-betting/reviews/fanduel-nj,ActionNetwork,New Jersey,"Review, Partner+State",Sports Betting,FanDuel Sportsbook,6/22/2023,,,,,,No,,,FanDuel New Jersey Promo Code 2024,FanDuel New Jersey Promo Code 2025: Bet $5 Get $200 in Bonus Bets If Your Bet Wins!,FanDuel New Jersey users can redeem the following offer: Bet $5 Get $200 in Bonus Bets If Your Bet Wins! Learn more in our review.
https://www.actionnetwork.com/online-sports-betting/reviews/fanduel-north-carolina,ActionNetwork,North Carolina,"Partner+State, Review",Sports Betting,FanDuel Sportsbook,9/14/2023,,,,,,No,,,FanDuel North Carolina Promo Code | Bet $5 Get $200 in Bonus Bets If Your Bet Wins!,FanDuel North Carolina Promo Code | Up to $150 in Bonus Bets + NBA League Pass!,"FanDuel NC is now live! New users who sign up today unlock the sportsbook's ""Bet $5 Get $200 in Bonus Bets If Your Bet Wins!"" offer!"
https://www.actionnetwork.com/online-sports-betting/reviews/fanduel-ohio,ActionNetwork,Ohio,"Review, Partner+State",Sports Betting,FanDuel Sportsbook,6/22/2023,,,,,,No,,,FanDuel Ohio Promo Code,FanDuel Ohio Promo Code 2024:  Bet $5 Get $200 in Bonus Bets If Your Bet Wins!,Ohio residents can sign up to get the FanDuel Ohio Promo Code. No promo code is required to claim the following offer: Bet $5 Get $200 in Bonus Bets If Your Bet Wins!
https://www.actionnetwork.com/online-sports-betting/reviews/fanduel-picks,ActionNetwork,USA,Review,Sports Betting,FanDuel Picks,5/8/2025,,,,,,No,,,,,
https://www.actionnetwork.com/online-sports-betting/reviews/fanduel/refer-a-friend,ActionNetwork,USA,Review Cluster,Sports Betting,FanDuel Sportsbook,7/10/2025,,,,,,No,,,,,
https://www.actionnetwork.com/online-sports-betting/reviews/fliff-social-sportsbook,ActionNetwork,USA,Review,Social Sportsbook,Fliff,3/14/2023,,"March 15, 2023",935,,,No,,,Fliff Promo Code April 2025 ACTION,Fliff Promo Code ACTION to Get $100 in Fliff Coins!,The Fliff promo code is ACTION! Use this code to take advantage of the promo and Get up to $100 in Fliff Coins! Learn more by reading this review.
https://www.actionnetwork.com/online-sports-betting/reviews/foxbet,ActionNetwork,USA,Review,Sports Betting,FOX Bet Sportsbook,6/20/2023,,,,,,No,,,FOX Bet Bonus Code,FOX Bet Sportsbook Review & Bonus Code 2025,"FOX Bet Sportsbook has ceased operations as of July 31, 2023. Read on to learn how to access any remaining funds you may have in your account."
https://www.actionnetwork.com/online-sports-betting/reviews/hard-rock-sportsbook,ActionNetwork,USA,Review,Sports Betting,Hard Rock Bet Sportsbook,3/14/2023,,"March 15, 2023",935,,,No,,,Hard Rock Bet Promo Code,Hard Rock Bet Promo Code April 2025,Hard Rock Bet is live in several states. Read our review to learn more about the Hard Rock Bet promo code!
https://www.actionnetwork.com/online-sports-betting/reviews/kalshi,ActionNetwork,USA,Review,Sports Betting,Kalshi,1/23/2025,,,,,,No,,,Kalshi Referral Code: ACTION for Exclusive $10 Bonus!,Kalshi Referral Code: ACTION for Exclusive $10 Bonus!,"Use Kalshi referral code ACTION for a $10 Bonus right now and learn how it is changing financial prediction markets with CFTC regulation, intuitive trading, and more."
https://www.actionnetwork.com/online-sports-betting/reviews/manifold,ActionNetwork,USA,Review,Sports Betting,Manifold Markets,5/7/2025,,,,,,No,,,,,
https://www.actionnetwork.com/online-sports-betting/reviews/mlb-betting-promos,ActionNetwork,USA,Promo Code,Sports Betting,Unbranded (Sports Betting),3/25/2025,,,,,,No,,,Best MLB Betting Promos: Place Futures Bets on World Series Odds,Best MLB Betting Promos Today & Top Deals in March 2025,"Sign up with the best MLB betting promos to score more than $3,000 in sign-up bonus offers for the 2025 MLB season. Register now and place your World Series futures bets today."
https://www.actionnetwork.com/online-sports-betting/reviews/nba-betting-promos,ActionNetwork,USA,Promo Code,Sports Betting,Unbranded,3/18/2025,,,,,,No,,,Best NBA Betting Promos Right Now,Best NBA Betting Promos Right Now: Bonus Bets & Top Deals,"NBA season is here, and so are the best NBA betting promos. From bonus bets to insane profit boosts, we’ve rounded up the top offers you don’t want to miss."
https://www.actionnetwork.com/online-sports-betting/reviews/nhl-betting-promos,ActionNetwork,USA,Promo Code,Sports Betting,Unbranded,3/7/2025,,,,,,No,,,Best NHL Betting Promos & Sportsbooks,Best NHL Betting Promos & Sportsbooks March 2025,Ready to level up your betting game? Our March 2025 guide spills the beans on the best NHL Betting Promos and insider tips to dodge common pitfalls.
https://www.actionnetwork.com/online-sports-betting/reviews/northstar-bets,ActionNetwork,Canada,Review,Sports Betting,NorthStar Bets Sportsbook,1/9/2024,,,,,,No,,,NorthStar Bets Canada Review,"NorthStar Bets Canada Review April, 2025","NorthStar Bets, a premier sportsbook available throughout Canada, has a ton of available features on their online app-- learn more here!"
https://www.actionnetwork.com/online-sports-betting/reviews/northstar-bets-ontario,ActionNetwork,"Canada, Ontario",Review,Sports Betting,NorthStar Bets Sportsbook,12/14/2023,,,,,,No,,,NorthStar Bets Ontario Review,NorthStar Bets Ontario Review,"Check out our comprehensive NorthStar Bets Ontario review to learn more about this operator's website, mobile app, signup process, unique features, and more."
https://www.actionnetwork.com/online-sports-betting/reviews/novibet,ActionNetwork,USA,Review,Sports Betting,Novibet Sportsbook,3/15/2024,,,,,,No,,,Novibet Promo Code - Coming Soon!,Novibet Promo Code 2024 - Coming Soon!,"Check out our review of the Novibet Promo Code. We highlight pros and cons, the mobile app, and more."
https://www.actionnetwork.com/online-sports-betting/reviews/novig,ActionNetwork,USA,Review,Sports Betting,Novig,5/20/2025,,,,,,No,,,,,
https://www.actionnetwork.com/online-sports-betting/reviews/ownersbox,ActionNetwork,USA,Review,Sports Betting,OwnersBox,10/10/2024,,,,,,No,,,OwnersBox Promo Code: Deposit Match up to $500!,OwnersBox Promo Code: ACTION for Deposit Match up to $500,"The OwnersBox promo code ACTION gets you a 100% deposit match up to $500 with your first deposit! Discover sports leagues, how to sign up, and more."
https://www.actionnetwork.com/online-sports-betting/reviews/parlay-science,ActionNetwork,USA,Review,Sports Betting,Parlay Science,11/20/2024,,,,,,No,,,Parlay Science Promo Code ACTION: Get 25% Off Private Discord Subscription!,Parlay Science Promo Code ACTION: Get 25% Exclusive Discord,"Parlay Science is one of the best-known teams for sports analysis and data, and their exclusive Discord is 25% off for the first payment with our code ACTION. Read the review here!"
https://www.actionnetwork.com/online-sports-betting/reviews/parx,ActionNetwork,USA,Review,Sports Betting,betPARX Sportsbook,3/14/2023,,,,,,No,,,betPARX Promo Code,betPARX Sportsbook Promo Code April 2025,"Read our betPARX Sportsbook review for betPARX Promo Code, app insights, and current offers."
https://www.actionnetwork.com/online-sports-betting/reviews/payment-methods,ActionNetwork,USA,Hub Page,Sports Betting,Unbranded (Sports Betting),5/15/2025,,,,,,No,,,,,
https://www.actionnetwork.com/online-sports-betting/reviews/payment-methods/apple-pay,ActionNetwork,USA,"Resource, Review Cluster",Sports Betting,Unbranded (Sports Betting),6/3/2025,,,,,,No,,,,,
https://www.actionnetwork.com/online-sports-betting/reviews/payment-methods/bitcoin,ActionNetwork,USA,"Review Cluster, Resource",Sports Betting,Unbranded (Sports Betting),7/21/2025,,,,,,No,,,,,
https://www.actionnetwork.com/online-sports-betting/reviews/payment-methods/cash-app,ActionNetwork,USA,"Resource, Review Cluster",Sports Betting,Unbranded (Sports Betting),6/3/2025,,,,,,No,,,,,
https://www.actionnetwork.com/online-sports-betting/reviews/payment-methods/credit-cards,ActionNetwork,USA,"Resource, Review Cluster",Sports Betting,Unbranded (Sports Betting),6/27/2025,,,,,,No,,,,,
https://www.actionnetwork.com/online-sports-betting/reviews/payment-methods/echeck,ActionNetwork,USA,"Review Cluster, Resource",Sports Betting,Unbranded (Sports Betting),7/21/2025,,,,,,No,,,,,
https://www.actionnetwork.com/online-sports-betting/reviews/payment-methods/edge-boost,ActionNetwork,USA,"Resource, Review Cluster",Sports Betting,EDGE Boost,5/19/2025,,,,,,No,,,,,
https://www.actionnetwork.com/online-sports-betting/reviews/payment-methods/google-pay,ActionNetwork,USA,"Resource, Review Cluster",Sports Betting,Unbranded (Sports Betting),6/13/2025,,,,,,No,,,,,
https://www.actionnetwork.com/online-sports-betting/reviews/payment-methods/instant-withdrawal,ActionNetwork,USA,"Resource, Review Cluster",Sports Betting,Unbranded (Sports Betting),6/27/2025,,,,,,No,,,,,
https://www.actionnetwork.com/online-sports-betting/reviews/payment-methods/mastercard,ActionNetwork,USA,"Resource, Review Cluster",Sports Betting,Unbranded (Sports Betting),6/25/2025,,,,,,No,,,,,
https://www.actionnetwork.com/online-sports-betting/reviews/payment-methods/pay-near-me,ActionNetwork,USA,"Resource, Review Cluster",Sports Betting,Unbranded (Sports Betting),6/20/2025,,,,,,No,,,,,
https://www.actionnetwork.com/online-sports-betting/reviews/payment-methods/paypal,ActionNetwork,USA,"Resource, Review Cluster",Sports Betting,Unbranded (Sports Betting),5/28/2025,,,,,,No,,,,,
https://www.actionnetwork.com/online-sports-betting/reviews/payment-methods/paysafe,ActionNetwork,USA,"Review Cluster, Resource",Sports Betting,Unbranded (Sports Betting),7/21/2025,,,,,,No,,,,,
https://www.actionnetwork.com/online-sports-betting/reviews/payment-methods/prepaid-cards,ActionNetwork,USA,"Resource, Review Cluster",Sports Betting,Unbranded,7/10/2025,,,,,,No,,,,,
https://www.actionnetwork.com/online-sports-betting/reviews/payment-methods/samsung-pay,ActionNetwork,USA,"Resource, Review Cluster",Sports Betting,Unbranded (Sports Betting),6/13/2025,,,,,,No,,,,,
https://www.actionnetwork.com/online-sports-betting/reviews/payment-methods/skrill,ActionNetwork,USA,"Resource, Review Cluster",Sports Betting,Unbranded (Sports Betting),6/13/2025,,,,,,No,,,,,
https://www.actionnetwork.com/online-sports-betting/reviews/payment-methods/venmo,ActionNetwork,USA,"Resource, Review Cluster",Sports Betting,Unbranded (Sports Betting),5/16/2025,,,,,,No,,,,,
https://www.actionnetwork.com/online-sports-betting/reviews/payment-methods/visa,ActionNetwork,USA,"Resource, Review Cluster",Sports Betting,Unbranded (Sports Betting),7/11/2025,,,,,,No,,,,,
https://www.actionnetwork.com/online-sports-betting/reviews/payment-methods/zelle,ActionNetwork,USA,"Resource, Review Cluster",Sports Betting,Unbranded (Sports Betting),6/3/2025,,,,,,No,,,,,
https://www.actionnetwork.com/online-sports-betting/reviews/pinnacle-canada,ActionNetwork,Canada,Review,Sports Betting,Pinnacle Sportsbook,3/21/2024,,,,,,No,,,Pinnacle Sportsbook Canada Promo Code Review,Pinnacle Sportsbook Canada Promo Code Review April 2025,"Check out Action Network's Pinnacle Sportsbook CA review! We discuss Pinnacle bonuses, betting markets, pros & cons, and more."
https://www.actionnetwork.com/online-sports-betting/reviews/pinnacle-ontario,ActionNetwork,"Ontario, Canada",Review,Sports Betting,Pinnacle Sportsbook,3/21/2024,,,,,,No,,,Pinnacle Ontario Review 2024,Pinnacle Ontario Review 2024,"Check out our full review of Pinnacle Ontario. We cover pros and cons, betting markets, payments, and more!"
https://www.actionnetwork.com/online-sports-betting/reviews/play-gun-lake,ActionNetwork,USA,Review,Sports Betting,,3/14/2023,,,,,,No,,,Play Gun Lake Promo Code & Sportsbook Review,Play Gun Lake Promo Code ACTION - Claim $125 in Bonus Bets!,Read our Play Gun Lake Sportsbook Review and claim $125 in bonus bets with promo code ACTION.
https://www.actionnetwork.com/online-sports-betting/reviews/pointsbet,ActionNetwork,USA,Review,Sports Betting,PointsBet Sportsbook,6/20/2023,,,,,,No,,,PointsBet Promo Code,PointsBet Promo Code March 2025 - Play at PointsBet Today - Now a Fanatics Experience!,PointsBet - Now a Fanatics Experience! Learn more about PointsBet and Fanatics in the Action Network's review.
https://www.actionnetwork.com/online-sports-betting/reviews/pointsbet-illinois,ActionNetwork,Illinois,"Review, Partner+State",Sports Betting,PointsBet Sportsbook,6/22/2023,,,,,,No,,,"Fanatics Sportsbook Promo: Bet $30, Get $300 in Bonus Bets!",Fanatics Sportsbook Promo: Bet $30 Get $300 in Bonus Bets!,Unlock the following exclusive Fanatics Sportsbook promo offer: Bet $30 Get $300 in Bonus Bets! Learn more by reading this Fanatics review!
https://www.actionnetwork.com/online-sports-betting/reviews/pointsbet-michigan,ActionNetwork,Michigan,"Review, Partner+State",Sports Betting,Fanatics Sportsbook,6/22/2023,,,,,,No,,,Fanatics Sportsbook MI Promo Code,Fanatics Sportsbook MI Promo Code 2025,"Fanatics Sportsbook Michigan is live! Sign up to unlock the offers: Bet and Get up to $1,000 in No Sweat Bets! or Bet $30 Get $300 in Bonus Bets!"
https://www.actionnetwork.com/online-sports-betting/reviews/pointsbet-new-york,ActionNetwork,New York,"Review, Partner+State",Sports Betting,PointsBet Sportsbook,6/22/2023,,,,,,No,,,"Fanatics Sportsbook Promo: Bet $30, Get $300 in Bonus Bets!",Fanatics Sportsbook Promo: Bet $30 Get $300 in Bonus Bets!,Unlock the following exclusive Fanatics Sportsbook promo offer: Bet $30 Get $300 in Bonus Bets! Learn more by reading this Fanatics review!
https://www.actionnetwork.com/online-sports-betting/reviews/polymarket,ActionNetwork,USA,Review,Sports Betting,Polymarket,1/16/2025,,,,,,No,,,Polymarket Promo Code and Sports: A Guide to Crypto Prediction Markets,Polymarket Promo Code,"Discover info on Polymarket as a crypto-based prediction market, including promo codes, markets, fees, and more. Read more about the Polymarket promo code here."
https://www.actionnetwork.com/online-sports-betting/reviews/powerplay-sportsbook,ActionNetwork,Canada,Review,Sports Betting,PowerPlay Sportsbook,12/18/2023,,,,,,No,,,PowerPlay Sportsbook Review,PowerPlay Sportsbook Review April 2025,"Check out our review of the PowerPlay Sportsbook, available in Canada-- learn how to sign up and more."
https://www.actionnetwork.com/online-sports-betting/reviews/powerplay-sportsbook-ontario,ActionNetwork,"Canada, Ontario",Review,Sports Betting,PowerPlay Sportsbook,1/9/2024,,,,,,No,,,PowerPlay Ontario Review,"PowerPlay Ontario Review April, 2025",PowerPlay is now available in Ontario. Read our review of this great sportsbook option for those in Ontario.
https://www.actionnetwork.com/online-sports-betting/reviews/prizepicks,ActionNetwork,USA,Review,Sports Betting,PrizePicks,3/14/2023,,"March 14, 2023",936,,,No,,,PrizePicks Promo Code: ACTION for $50 Bonus!,PrizePicks Promo Code: ACTION for $50 Bonus,"Read our review of PrizePicks, the simplified DFS game. Use the PrizePicks promo code ACTION to get $50 instantly when you place a $5 lineup!"
https://www.actionnetwork.com/online-sports-betting/reviews/prizepicks-vs-draftkings,ActionNetwork,USA,Partner vs. Partner,Sports Betting,"PrizePicks, DraftKings Sportsbook",11/21/2023,,,,,,No,,,PrizePicks vs DraftKings,PrizePicks vs DraftKings — Which is better in 2024?,"Explore our comparison of PrizePicks and DraftKings, two leading DFS platforms. Discover which one offers superior features and more by reading this review."
https://www.actionnetwork.com/online-sports-betting/reviews/prophet-exchange,ActionNetwork,USA,Review,Sports Betting,Prophet Exchange,6/20/2023,,,,,,No,,,Prophet Exchange Promo Code,Prophet Exchange Promo Code - $250 Bonus Bet,Want to try Prophet Exchange to improve your sports betting bottom line? Get started with a $250 bonus bet.
https://www.actionnetwork.com/online-sports-betting/reviews/rebet,ActionNetwork,USA,Review,Sports Betting,Rebet,5/22/2024,,,,,,No,,,Rebet Social Sportsbook Promo Code ACTION,Rebet Social Sportsbook Promo Code ACTION  April 2025,"Claim the Rebet Social Sportsbook promo code welcome offer to get a 100% Deposit Match up to $100, just for creating a new account!"
https://www.actionnetwork.com/online-sports-betting/reviews/robinhood,ActionNetwork,USA,Review,Sports Betting,Robinhood Prediction Markets,12/11/2024,,,,,,No,,,Robinhood Sportsbook Promo Code,Robinhood Promo Code,Is Robinhood launching a sportsbook in the future? Stay tuned for more info and updates about the Robinbood promo code and sportsbook launch.
https://www.actionnetwork.com/online-sports-betting/reviews/si-predict,ActionNetwork,USA,Review,Sports Betting,SI Predict,4/1/2025,,,,,,No,,,SI Predict Promo Code April 2025,SI Predict: A New Player Enters the Arena of Sports Predictions,"Join SI Predict, where Sports Illustrated turns game-watching into interactive fun. Make your predictions and be part of the action."
https://www.actionnetwork.com/online-sports-betting/reviews/sleeper,ActionNetwork,USA,Review,Sports Betting,Sleeper Fantasy,10/23/2023,,,,,,No,,,Sleeper Fantasy Promo Code: ACTION for $55 in Entries!,Sleeper Fantasy Promo Code: ACTION for $55 in Free Entries!,"Sign up with the Sleeper Fantasy promo code ACTION to Play $5, Get $55 in Free Entries! Learn more about Sleeper and our promo code by reading this review."
https://www.actionnetwork.com/online-sports-betting/reviews/splash-sports,ActionNetwork,USA,Review,Sports Betting,Splash Sports,10/2/2024,,,,,,No,,,Splash Sports Referral Code March 2025: ACTION for $10,Splash Sports Referral Code March 2025: ACTION for $10 in Bonuses,"Check out our Splash Sports referral code review! Discover available contests, sports, prize pools, an app review and more."
https://www.actionnetwork.com/online-sports-betting/reviews/sports-illustrated,ActionNetwork,USA,Review,Sports Betting,SI Sportsbook,3/14/2023,,,,,,No,,,SI Sportsbook Promo Code,"SI Sportsbook Promo - Bet $20, get $200 if your wager wins!",Read our SI Sportsbook Review and learn how you can win $200 in bonus bets if you bet $20 and win your wager.
https://www.actionnetwork.com/online-sports-betting/reviews/sports-interaction,ActionNetwork,Canada,Review,Sports Betting,Sports Interaction Sportsbook,6/20/2023,,,,,,No,,,Sports Interaction Review,"Sports Interaction Bonuses & Sportsbook Review April, 2025","The Action Network's 2024 Sports Interaction review includes ratings, bonus offers and more. Read on to learn more about Sports Interaction's new user bonus!"
https://www.actionnetwork.com/online-sports-betting/reviews/stathero,ActionNetwork,USA,Review,Sports Betting,StatHero DFS,10/10/2024,,,,,,No,,,StatHero Promo Code,StatHero Promo Code & Review March 2025,StatHero is a data-driven fantasy sports platform-- read our review and learn about promo codes for the StatHero welcome offer.
https://www.actionnetwork.com/online-sports-betting/reviews/sugarhouse,ActionNetwork,USA,Review,Sports Betting,PlaySugarHouse Sportsbook,3/14/2023,,,,,,No,,,SugarHouse Sportsbook Promo Code & Review,"SugarHouse Sportsbook Review 2025 | Promo Codes, Bonus Offers, & More","The Action Network's 2024 SugarHouse Sportsbook review includes ratings, exclusive promo codes, bonus offers and more."
https://www.actionnetwork.com/online-sports-betting/reviews/superbook,ActionNetwork,USA,Review,Sports Betting,SuperBook Sportsbook,3/14/2023,,,,,,No,,,SuperBook Promo Code,SuperBook Promo Code - Superbook Sportsbook Bonuses April 2025,SuperBook is only available in Nevada at this time after shutting its mobile operations in other live states. Read on to learn more about SuperBook!
https://www.actionnetwork.com/online-sports-betting/reviews/superdraft,ActionNetwork,USA,Review,Sports Betting,SuperDraft DFS,12/14/2023,,,,,,No,,,SuperDraft Promo Code March 2025: ACTION,SuperDraft Fantasy Promo Code 2025 | ACTION,"Enter the SuperDraft Fantasy promo code ACTION to unlock the promo: Sign Up & Get A Free Pick For A Chance To Win $2,500!"
https://www.actionnetwork.com/online-sports-betting/reviews/thescore-bet,ActionNetwork,USA,Review,Sports Betting,theScore Bet Sportsbook,3/14/2023,,,,,,No,,,theScore Bet Promo Code,theScore Bet Sportsbook Promo Code April 2025,"The Action Network's 2024 theScore Bet Sportsbook review includes ratings, May exclusive promo code, bonus offers and more."
https://www.actionnetwork.com/online-sports-betting/reviews/thrillzz-social-sportsbook,ActionNetwork,USA,Review,Social Sportsbook,Thrillzz,5/23/2024,,,,,,No,,,Thrillzz Social Sportsbook Promo Code - ACTION,Thrillzz Promo Code 2025: ACTION,"Check out our review of the Thrillzz Social Sportsbook Promo Code and use promo code ACTION! Learn about the bonus code, mobile app, and more!"
https://www.actionnetwork.com/online-sports-betting/reviews/tipico,ActionNetwork,USA,Review,Sports Betting,Tipico Sportsbook,10/11/2023,,,,,,No,,,Tipico Promo Code,Tipico Promo Code - Deposit Match Up To $150,"Get Tipico Sportsbook's exclusive promo code for a 100% Deposit Match up to $150 in addition to mobile app insights, and more."
https://www.actionnetwork.com/online-sports-betting/reviews/tonybet,ActionNetwork,Canada,Review,Sports Betting,TonyBet Sportsbook,11/29/2023,,,,,,No,,,TonyBet Sportsbook Review,Review of TonyBet Sportsbook,"Check out or full review of TonyBet Sportsbook, one of Ontario, Canada's best online sportsbooks."
https://www.actionnetwork.com/online-sports-betting/reviews/tonybet-sportsbook-ontario,ActionNetwork,"Ontario, Canada",Review,Sports Betting,TonyBet Sportsbook,3/29/2024,,,,,,No,,,TonyBet Ontario Review,Review of TonyBet Ontario Sportsbook April 2025,"Check out or full review of TonyBet Ontario, one of Canada's best online sportsbooks."
https://www.actionnetwork.com/online-sports-betting/reviews/tvg,ActionNetwork,USA,Review,Horse Racing,TVG,6/20/2023,,,,,,No,,,TVG Promo Code,TVG Horse Racing Promo Code,Learn about the TVG Horse Racing Sportsbook and Network.
https://www.actionnetwork.com/online-sports-betting/reviews/twinspires,ActionNetwork,USA,Review,Horse Racing,TwinSpires Racebook,6/20/2023,,,,,,No,,,TwinSpires Promo Code,TwinSpires Promo Code April 2025: ACTIONRACING to ACTIONRACING for $400 Bonus,Read our TwinSpires Racebook review and how-to steps on how to claim promo code ACTIONRACING to $200 Sign Up Offer!
https://www.actionnetwork.com/online-sports-betting/reviews/underdog-fantasy,ActionNetwork,USA,Review,Fantasy,Underdog Fantasy,5/24/2023,,,,,,No,,,Underdog Fantasy Promo Code: ACTION,Underdog Fantasy Promo Code: ACTION for $1000 Deposit Bonus,Sign up using the Underdog Fantasy Promo Code and Get up to $1000 Bonus Cash when you make your first deposit! Read our detailed review here.
https://www.actionnetwork.com/online-sports-betting/reviews/underdog-sports-north-carolina,ActionNetwork,North Carolina,Review,Sports Betting,Underdog Sportsbook,3/10/2024,,,,,,No,,,Underdog Sports North Carolina Promo Code 2025 : ACTION,Underdog Sports North Carolina Promo Code 2025: ACTION,Use Underdog Sports North Carolina promo code ACTION to get a 100% deposit match up to $100 in bonus cash from this new sportsbook that draws on its vast DFS experience.
https://www.actionnetwork.com/online-sports-betting/reviews/unibet,ActionNetwork,USA,Review,Sports Betting,Unibet Sportsbook,3/14/2023,,,,,,No,,,Unibet Promo Code,Unibet Promo Code 2024,Read our Unibet Sportsbook review for the March 2025 Unibet Promo Code and how-to steps to use the sportsbook.
https://www.actionnetwork.com/online-sports-betting/reviews/untrustworthy-sportsbooks,ActionNetwork,USA,Resource,Sports Betting,Unbranded (Sports Betting),2/12/2025,,,,,,No,,,Untrustworthy Sportsbooks and How to Find Them,Untrustworthy Sportsbooks and How to Find Them,Learn more about untrustworthy sportsbook to avoid and the best online sportsbooks in the industry.
https://www.actionnetwork.com/online-sports-betting/reviews/vip-play,ActionNetwork,Tennessee,Review,Sports Betting,VIP Play,5/28/2025,,,,,,No,,,,,
https://www.actionnetwork.com/online-sports-betting/reviews/vivid-picks,ActionNetwork,USA,Review,Sports Betting,Vivid Picks DFS,10/11/2024,,,,,,No,,,Vivid Picks Promo Code,Vivid Picks Promo Code March 2025: ACTION for up to $275,Use the Vivid Picks promo code ACTION to 'get a deposit match up to $250 + $25 secured play' when you download and sign up for the mobile app.
https://www.actionnetwork.com/online-sports-betting/reviews/wanna-parlay,ActionNetwork,USA,Review,Sports Betting,Wanna Parlay,5/20/2025,,,,,,No,,,,,
https://www.actionnetwork.com/online-sports-betting/reviews/william-hill-canada,ActionNetwork,Canada,Review,Sports Betting,William Hill Sportsbook,6/20/2023,,,,,,No,,,William Hill Promo Code,William Hill Canada Promo Codes & Sportsbook Review March 2025,"The Action Network's 2024 William Hill Canada Sportsbook review includes ratings, exclusive promo codes for March, app details and more."
https://www.actionnetwork.com/online-sports-betting/reviews/world-cup-betting-promos,ActionNetwork,USA,Betting Sites,Sports Betting,Unbranded (Sports Betting),8/8/2025,,,,,,No,,,,,
https://www.actionnetwork.com/online-sports-betting/reviews/wynnbet,ActionNetwork,USA,Review,Sports Betting,WynnBET Sportsbook,3/14/2023,,"March 15, 2023",935,,,No,,,WynnBET Promo Code,WynnBET Promo Code - Up to $100 in Bet Credits! - March 2025,"Get WynnBET Sportsbook's exclusive promo code for up to $100 in Bet Credits in addition to mobile app insights,  and more."
https://www.actionnetwork.com/online-sports-betting/rhode-island,ActionNetwork,Rhode Island,State,Sports Betting,Unbranded,10/10/2023,,,,,,No,,,Rhode Island Sports Betting,Rhode Island Sports Betting Update 2024 | RI Legal Sportsbooks and Mobile Sports Betting Status,"Discover the best online sports betting sites in Rhode Island. Retail, mobile and daily fantasy is available within the state."
https://www.actionnetwork.com/online-sports-betting/south-carolina,ActionNetwork,South Carolina,State,Sports Betting,Unbranded,10/10/2023,,,,,,No,,,South Carolina Sports Betting,South Carolina Sports Betting 2024 | SC Legal Sportsbooks and Mobile Sports Betting Status,Discover the latest news about legal sports betting in South Carolina. Take advantage of bonus offers from legal DFS apps around South Carolina since daily fantasy is available within the state.
https://www.actionnetwork.com/online-sports-betting/south-dakota,ActionNetwork,South Dakota,State,Sports Betting,Unbranded,10/10/2023,,,,,,No,,,South Dakota Sports Betting,South Dakota Sports Betting 2024 | SD Legal Sportsbooks and Mobile Sports Betting Status,Discover the latest news about legal sports betting in South Dakota. Daily Fantasy and retail betting is available within the state.
https://www.actionnetwork.com/online-sports-betting/tennessee,ActionNetwork,Tennessee,State,Sports Betting,Unbranded,3/14/2023,,,,,,No,,,Tennessee Sports Betting,Tennessee Sports Betting | TN Sportsbooks & Promo Codes,Online Tennessee sports betting is legal and very popular. Get the latest information on the top sportsbooks and promo codes in the state here.
https://www.actionnetwork.com/online-sports-betting/texas,ActionNetwork,Texas,State,Sports Betting,Unbranded,10/10/2023,,,,,,No,,,Texas Sports Betting,Texas Sports Betting Status 2025 | TX Legalization Updates,"Texas sports betting has not been legalized yet, but DFS and Social Casinos are available in the state."
https://www.actionnetwork.com/online-sports-betting/utah,ActionNetwork,Utah,State,Sports Betting,Unbranded,10/10/2023,,,,,,No,,,Utah Sports Betting,Utah Sports Betting Updates  | Utah Legal Sportsbooks,"Sports betting is not legal in Utah and likely never will be. However, DFS is legal and popular among sports fans in the state."
https://www.actionnetwork.com/online-sports-betting/vermont,ActionNetwork,Vermont,State,Sports Betting,Unbranded,9/19/2023,"June 15, 2023","June 15, 2023",843,,,No,,,Vermont Sports Betting,Vermont Sports Betting Updates 2025 | VT Legal Sportsbooks and Mobile Sports Betting Status,"Vermont online sports betting is now legal and live! Governor Scott signed H.127 into law, and bettors in the state can bet on sports in Vermont."
https://www.actionnetwork.com/online-sports-betting/virginia,ActionNetwork,Virginia,State,Sports Betting,Unbranded,3/14/2023,,,,,,No,,,Virginia Sports Betting,Virginia Sports Betting | VA Sportsbooks & Promo Codes,Online sports betting is live in Virginia. Get the latest information about Virginia sports betting and the best bonus codes to use at signup here.
https://www.actionnetwork.com/online-sports-betting/washington,ActionNetwork,Washington,State,Sports Betting,Unbranded,10/10/2023,,,,,,No,,,Washington,Washington Sports Betting | Legal WA Sportsbooks,"Sports betting is legal in WA, but it is in-person only at the state's tribal casinos. DFS and Social Casinos are not available in the state."
https://www.actionnetwork.com/online-sports-betting/west-virginia,ActionNetwork,West Virginia,State,Sports Betting,Unbranded,3/14/2023,,,,,,No,,,West Virginia Sportsbooks,West Virginia Sportsbooks | WV Sports Betting Apps & Promo Codes,Legal online West Virginia sports betting and mobile casino gaming are now available. Learn more about the top WV sportsbooks and their promo codes in this review.
https://www.actionnetwork.com/online-sports-betting/wisconsin,ActionNetwork,Wisconsin,State,Sports Betting,Unbranded,10/10/2023,,,,,,No,,,Wisconsin Sports Betting,Wisconsin Sports Betting Updates 2024 | WI Legal Sportsbooks and Mobile Sports Betting Status,Check out all of the latest DFS promos and bonuses available in Wisconsin. Sports betting education is available for players of any experience level.
https://www.actionnetwork.com/online-sports-betting/wyoming,ActionNetwork,Wyoming,State,Sports Betting,Unbranded,3/14/2023,,,,,,No,,,Wyoming Sports Betting,Wyoming Sports Betting | WY Sportsbooks & Promo Codes,Wyoming sports betting is live and legal. Get the latest information about the best Wyoming sportsbook promo offers here.
https://www.actionnetwork.com/online-sports-betting/reviews/betmgm/missouri,ActionNetwork,Missouri,"Review Cluster, Partner+State",Sports Betting,BetMGM Sportsbook,9/26/2025,,,,,,No,,,,,
https://www.actionnetwork.com/online-sports-betting/reviews/underdog-sports-missouri,ActionNetwork,Missouri,"Partner+State, Review Cluster",Sports Betting,Underdog Sportsbook,9/26/2025,,,,,,No,,,,,
https://www.actionnetwork.com/casino/stardust,ActionNetwork,USA,"Real Money Casino, Review",Casino,Stardust Casino,9/30/2025,"September 30, 2025",,,,,No,,,,,
https://www.actionnetwork.com/casino/sugarhouse-casino,ActionNetwork,USA,"Review, Real Money Casino",Casino,SugarHouse Casino,9/30/2025,"September 30, 2025",,,,,No,sugarhouse casino bonus code,,,,
https://www.actionnetwork.com/casino/hard-rock-casino/app,ActionNetwork,USA,"Real Money Casino, Review Cluster",Casino,Hard Rock Bet Casino,9/30/2025,"September 30, 2025","September 30, 2025",5,,,No,,,,,
https://www.actionnetwork.com/casino/fanduel/games,ActionNetwork,usa,"Real Money Casino, Review Cluster",Casino,FanDuel Casino,10/2/2025,"October 2, 2025","October 2, 2025",3,,,No,,,,,
https://www.actionnetwork.com/casino/betmgm/live-dealer,ActionNetwork,USA,"Real Money Casino, Review Cluster",Casino,BetMGM Casino,10/2/2025,"October 2, 2025","October 2, 2025",3,,,No,,,,,
https://www.actionnetwork.com/online-sports-betting/reviews/betrivers/missouri,ActionNetwork,Missouri,"Partner+State, Review Cluster",Sports Betting,BetRivers Sportsbook,10/2/2025,,,,,,No,,,,,
https://www.actionnetwork.com/ca/casino/reviews/wildz,ActionNetwork,Canada,"Partner, Review",Casino,Wildz Casino,10/3/2025,"October 3, 2025",,,,,No,Wildz Casino Review,,,,
https://www.actionnetwork.com/online-sports-betting/reviews/espn-bet/missouri,ActionNetwork,Missouri,"Review Cluster, Partner+State",Sports Betting,ESPN BET Sportsbook,10/3/2025,,,,,,No,,,,,
