Top pages,Clicks,Impressions,CTR
https://www.actionnetwork.com/legal-online-sports-betting/nfl-betting-promos-3500-in-sign-up-bonus-value-for-browns-vs-eagles-49ers-vs-raiders-jets-vs-giants-and-cardinals-vs-broncos-preseason,6,453,1.32%
https://www.actionnetwork.com/legal-online-sports-betting/ufc-betting-promos-for-fight-night-from-shanghai-china-on-saturday-august-23-unlock-5300-in-sign-up-bonuses-today,2,357,0.56%
https://www.actionnetwork.com/legal-online-sports-betting/bet365-north-carolina-bonus-code-topaction-earn-150-bonus-or-1k-first-bet-for-club-world-cup-any-sport,2,20,10%
https://www.actionnetwork.com/legal-online-sports-betting/bet365-bonus-code-topaction-claim-best-caitlin-clark-fever-vs-wings-wnba-betting-promo-150-bet-and-get-or-1k-insurance,1,125,0.80%
https://www.actionnetwork.com/legal-online-sports-betting/best-wimbledon-betting-promos-odds-schedule-for-2025-tournament-use-3500-in-sign-up-offers-on-alcaraz-sinner-any-match-this-weekend,1,99,1.01%
https://www.actionnetwork.com/legal-online-sports-betting/ufc-betting-promos-use-3700-in-sportsbook-bonuses-to-make-ufc-fight-night-picks-today,1,81,1.23%
https://www.actionnetwork.com/legal-online-sports-betting/college-football-betting-guide-promos-lines-odds-futures-strategies-for-2025-season,1,24,4.17%
https://www.actionnetwork.com/legal-online-sports-betting/john-deere-classic-golf-betting-promos-for-the-final-round-collect-3500-in-sign-up-bonus-value-this-sunday,1,10,10%
https://www.actionnetwork.com/legal-online-sports-betting/prizepicks-promo-code-actionmax-score-50-bonus-dolphins-bills-tnf-any-game,1,6,16.67%
https://www.actionnetwork.com/legal-online-sports-betting/betting-sites-without-tax-per-bet,1,5,20%
https://www.actionnetwork.com/legal-online-sports-betting/bet365-bonus-code-topaction-claim-150-bonus-bets-for-nfl-preseason-mlb-games-today,1,4,25%
https://www.actionnetwork.com/legal-online-sports-betting/fanatics-sportsbook-promo-250-in-bonus-bets-or-1000-in-no-sweat-bets-for-fever-vs-sun-wnba-caitlin-clark-bets-today,1,4,25%
https://www.actionnetwork.com/legal-online-sports-betting/bet365-kansas-bonus-code-topaction-get-200-in-bonus-bets-for-ncaaf-nfl-mlb-any-sport-today,1,2,50%
https://www.actionnetwork.com/legal-online-sports-betting/betmgm-bonus-code-actionget-provides-150-in-bonus-bets-for-nfl-ncaaf-any-sport-this-week,1,2,50%
https://www.actionnetwork.com/legal-online-sports-betting/prizepicks-promo-code-actionmax-get-50-bonus-instantly-for-dodgers-vs-red-sox-mlb-picks-any-game-today,1,1,100%
https://www.actionnetwork.com/legal-online-sports-betting/fanatics-sportsbook-promo-get-100-in-fancash-for-any-football-game-including-tcu-vs-north-carolina,0,198,0%
https://www.actionnetwork.com/legal-online-sports-betting/fanatics-sportsbook-promo-get-100-no-sweat-football-bet-for-college-football-week-0-today,0,117,0%
https://www.actionnetwork.com/legal-online-sports-betting/betrivers-sportsbook-promo-code-500-bonus-bet-paul-skenes-pirates-vs-twins-today,0,92,0%
https://www.actionnetwork.com/legal-online-sports-betting/fanatics-sportsbook-promo-code-20-100-no-sweat-bets-for-college-football-week-1-nfl,0,89,0%
https://www.actionnetwork.com/legal-online-sports-betting/fanatics-sportsbook-promo-code-action-bet-1-get-100-for-josh-allen-tnf-boost-100-no-sweat-bet-100-fancash-dolphins-vs-bills-thursday-night-football-today,0,80,0%
https://www.actionnetwork.com/legal-online-sports-betting/alabama-vs-florida-state-college-football-betting-promos-odds-prediction-and-more,0,73,0%
https://www.actionnetwork.com/legal-online-sports-betting/fanatics-sportsbook-promo-300-in-bonus-bets-or-1k-no-sweat-bets-for-ufc-fight-night-whittaker-vs-de-ridder,0,72,0%
https://www.actionnetwork.com/legal-online-sports-betting/ufc-betting-promos-for-ufc-fight-night-in-nashville-july-12-net-3650-in-sign-up-bonuses-for-any-fight,0,64,0%
https://www.actionnetwork.com/legal-online-sports-betting/betmgm-bonus-code-topaction-secure-1500-first-bet-promo-seahawks-cardinals-tnf-any-game,0,60,0%
https://www.actionnetwork.com/legal-online-sports-betting/fanatics-sportsbook-promo-claim-20-100-no-sweat-football-bets-for-notre-dame-vs-miami-any-cfb-picks,0,60,0%
https://www.actionnetwork.com/legal-online-sports-betting/ohio-sportsbook-promos-net-3500-in-bonuses-for-chargers-vs-lions-nfl-hall-of-fame-game,0,57,0%
https://www.actionnetwork.com/legal-online-sports-betting/fanatics-sportsbook-promo-unlocks-up-to-2600-fancash-bonus-for-college-football-nfl-game-days,0,54,0%
https://www.actionnetwork.com/legal-online-sports-betting/wimbledon-betting-promos-odds-2025-schedule-this-weekend-bet-on-alcaraz-fritz-sinner-djokovic-today,0,50,0%
https://www.actionnetwork.com/legal-online-sports-betting/fanatics-sportsbook-promo-claim-20-100-no-sweat-football-bets-for-ncaaf-week-1-games-now,0,49,0%
https://www.actionnetwork.com/legal-online-sports-betting/the-open-championship-golf-betting-promos-score-3500-in-bonus-value-for-final-round,0,49,0%
https://www.actionnetwork.com/legal-online-sports-betting/ufc-betting-promos-grab-3500-bonus-bets-top-sportsbooks-today-ufc-abc-abu-dhabi,0,49,0%
https://www.actionnetwork.com/legal-online-sports-betting/betr-promo-code-action1-play-10-get-30-on-any-game-bobby-witt-jr-free-pick-on-royals-vs-diamondbacks-mlb-tonight,0,45,0%
https://www.actionnetwork.com/legal-online-sports-betting/fanatics-sportsbook-ny-promo-code-actionny-claim-best-bills-jets-betting-promo-10-25-no-sweat-bets,0,43,0%
https://www.actionnetwork.com/legal-online-sports-betting/dabble-fantasy-promo-code-unlocks-25-bonus-for-nfl-monday-night-football-games-tonight,0,39,0%
https://www.actionnetwork.com/legal-online-sports-betting/1-million-prize-james-wood-oneil-cruz-can-earn-more-money-home-run-derby-than-2025-mlb-salary-this-year,0,36,0%
https://www.actionnetwork.com/legal-online-sports-betting/fanatics-sportsbook-promo-offers-100-no-sweat-bets-for-cowboys-vs-eagles-nfl-week-1-games,0,36,0%
https://www.actionnetwork.com/legal-online-sports-betting/notre-dame-vs-miami-college-football-betting-promos-odds-prediction-and-more,0,36,0%
https://www.actionnetwork.com/legal-online-sports-betting/chiefs-betting-promos-todays-preseason-opener-cardinals-combine-3500-bonus-bets-top-sportsbooks,0,35,0%
https://www.actionnetwork.com/legal-online-sports-betting/bet365-bonus-code-topaction-claim-200-bonus-best-ryder-cup-betting-promo-today,0,33,0%
https://www.actionnetwork.com/legal-online-sports-betting/betmgm-bonus-code-actionget-secure-150-bonus-offer-college-football-any-sport-today,0,33,0%
https://www.actionnetwork.com/legal-online-sports-betting/fanatics-sportsbook-promo-claim-best-cowboys-vs-eagles-betting-offer-for-nfl-season-opener-now,0,33,0%
https://www.actionnetwork.com/legal-online-sports-betting/caitlin-clark-vs-paige-bueckers-betting-promos-props-odds-for-fever-vs-wings-on-abc-today,0,32,0%
https://www.actionnetwork.com/legal-online-sports-betting/bet365-bonus-code-topaction-150-bonus-or-1k-first-bet-available-for-open-championship-final-round-any-game-today,0,31,0%
https://www.actionnetwork.com/legal-online-sports-betting/betrivers-promo-code-500-2nd-chance-bet-available-for-pirates-vs-brewers-paul-skenes-prop-bets,0,31,0%
https://www.actionnetwork.com/legal-online-sports-betting/nfl-betting-promos-for-jaguars-vs-saints-bills-vs-bears-preseason-today,0,31,0%
https://www.actionnetwork.com/legal-online-sports-betting/mlb-betting-promos-secure-5k-in-bonus-bets-today-for-red-sox-vs-yankees-astros-vs-orioles-on-fox,0,28,0%
https://www.actionnetwork.com/legal-online-sports-betting/3m-open-golf-betting-promos-claim-top-welcome-offers-for-first-round-leader-bets-today,0,26,0%
https://www.actionnetwork.com/legal-online-sports-betting/fanatics-sportsbook-promo-get-300-bonus-for-borussia-dortmund-vs-monterrey-club-world-cup-any-game-today,0,23,0%
https://www.actionnetwork.com/legal-online-sports-betting/bet365-bonus-code-topaction-unlocks-150-bet-and-get-or-1k-insurance-for-fever-vs-liberty-wnba-any-sporting-event,0,22,0%
https://www.actionnetwork.com/legal-online-sports-betting/nascar-betting-promos-score-thousands-in-bonus-value-for-brickyard-400-in-season-challenge-bets,0,22,0%
https://www.actionnetwork.com/legal-online-sports-betting/bet365-bonus-code-topaction-claim-200-in-bonus-bets-or-1k-first-bet-offer-for-notre-dame-vs-miami-ncaaf-game,0,21,0%
https://www.actionnetwork.com/legal-online-sports-betting/u-s-open-tennis-betting-promos-odds-predictions-tv-schedule-for-tuesday-matches,0,21,0%
https://www.actionnetwork.com/legal-online-sports-betting/club-world-cup-betting-promos-for-psg-vs-bayern-munich-quarterfinals-this-weekend-unlock-3500-in-bonus-funds,0,20,0%
https://www.actionnetwork.com/legal-online-sports-betting/nascar-in-season-challenge-betting-promos-how-to-claim-3500-in-bonus-value-today,0,20,0%
https://www.actionnetwork.com/legal-online-sports-betting/u-s-open-tennis-betting-promos-odds-predictions-tv-schedule-get-5200-in-new-user-offers-today,0,20,0%
https://www.actionnetwork.com/legal-online-sports-betting/how-to-use-bet365-bonus-bets-for-baltimore-ravens-bets,0,19,0%
https://www.actionnetwork.com/legal-online-sports-betting/ontario-sports-betting-update-nfl-partners-with-olg-proline,0,19,0%
https://www.actionnetwork.com/legal-online-sports-betting/bet365-bonus-code-topaction-yields-150-bonus-or-1k-first-bet-for-ufc-317-any-event-today,0,18,0%
https://www.actionnetwork.com/legal-online-sports-betting/betmgm-bonus-code-actionget-score-150-betting-bonus-for-college-football-mlb-any-sport,0,18,0%
https://www.actionnetwork.com/legal-online-sports-betting/new-bet365-bonus-code-topaction-offers-150-in-bonus-bets-for-wnba-games-the-open-championship-any-sporting-event,0,17,0%
https://www.actionnetwork.com/legal-online-sports-betting/underdog-fantasy-promo-code-topaction-play-5-nfl-lineup-get-50-in-bonus-cash-today,0,17,0%
https://www.actionnetwork.com/legal-online-sports-betting/betmgm-massachusetts-bonus-code-toptan1500-get-up-to-1500-in-bonus-value-for-fever-vs-sun-today,0,16,0%
https://www.actionnetwork.com/legal-online-sports-betting/fanatics-sportsbook-ny-promo-score-25-in-no-sweat-football-bets-for-ncaaf-week-0-games,0,16,0%
https://www.actionnetwork.com/legal-online-sports-betting/fanatics-sportsbook-promo-get-up-to-2600-in-bonus-value-for-football-game-days-including-ncaaf-week-0,0,16,0%
https://www.actionnetwork.com/legal-online-sports-betting/fanatics-sportsbook-promo-snag-up-to-300-in-bonus-bets-or-1k-in-no-sweat-bets-for-astros-vs-dodgers-mlb-any-sport,0,16,0%
https://www.actionnetwork.com/legal-online-sports-betting/bet365-bonus-code-topaction-get-150-in-bonus-bets-or-1000-first-bet-insurance-for-juventus-vs-man-city-any-game,0,13,0%
https://www.actionnetwork.com/legal-online-sports-betting/bet365-bonus-code-topaction-score-150-in-bonus-bets-for-todays-sports-slate-including-mlb-wnba-nascar,0,13,0%
https://www.actionnetwork.com/legal-online-sports-betting/genesis-scottish-open-golf-betting-promos-claim-3500-in-bonus-value-for-final-round,0,13,0%
https://www.actionnetwork.com/legal-online-sports-betting/how-to-bet-on-wnba-caitlin-clark-without-fanduel-draftkings,0,13,0%
https://www.actionnetwork.com/legal-online-sports-betting/mlb-betting-promos-braves-phillies-sunday-night-baseball-any-game-today,0,13,0%
https://www.actionnetwork.com/legal-online-sports-betting/where-is-daily-fantasy-sports-legal,0,13,0%
https://www.actionnetwork.com/legal-online-sports-betting/bet365-bonus-code-topaction-delivers-150-bonus-or-1k-first-bet-insurance-for-wnba-all-star-game-any-event,0,12,0%
https://www.actionnetwork.com/legal-online-sports-betting/chiefs-nfl-betting-promos-score-top-sign-up-bonus-ofers-for-preseason-week-1-today,0,12,0%
https://www.actionnetwork.com/legal-online-sports-betting/fanduel-promo-code-offers-300-college-football-betting-bonus-today,0,12,0%
https://www.actionnetwork.com/legal-online-sports-betting/sleeper-fantasy-promo-code-action-100-deposit-match-up-to-100-for-college-football-today-nfl,0,12,0%
https://www.actionnetwork.com/legal-online-sports-betting/dabble-fantasy-promo-code-provides-25-bonus-offer-dolphins-bills-nfl-thursday-night-football,0,11,0%
https://www.actionnetwork.com/legal-online-sports-betting/is-bet365-legal-in-missouri-tips-for-mo-bettors-to-use-bet365-kansas-today,0,11,0%
https://www.actionnetwork.com/legal-online-sports-betting/fanatics-sportsbook-promo-get-100-no-sweat-bets-for-football-game-day-this-week,0,10,0%
https://www.actionnetwork.com/legal-online-sports-betting/fanatics-sportsbook-promo-up-to-300-in-bonus-bets-or-1000-in-no-sweat-bets-for-chelsea-vs-psg-club-world-cup-any-sunday-sport,0,10,0%
https://www.actionnetwork.com/legal-online-sports-betting/jets-vs-giants-nfl-betting-promos-get-over-3500-in-bonus-value-for-preseason-action-today,0,10,0%
https://www.actionnetwork.com/legal-online-sports-betting/sleeper-fantasy-promo-code-action-unlocks-100-deposit-match-for-any-nfl-week-1-game-today,0,10,0%
https://www.actionnetwork.com/legal-online-sports-betting/bet365-bonus-code-topaction-claim-200-in-bonus-bets-for-red-sox-vs-yankees-on-sunday-night-baseball,0,9,0%
https://www.actionnetwork.com/legal-online-sports-betting/bet365-bonus-code-topaction-provides-best-hall-of-fame-game-betting-promo-choose-150-bonus-or-1k-first-bet-now,0,9,0%
https://www.actionnetwork.com/legal-online-sports-betting/club-world-cup-odds-sportsbook-promo-codes-schedule-and-more-score-3500-in-sign-up-bonus-offers-for-fluminense-vs-chelsea-psg-vs-real-madrid-any-soccer-match,0,9,0%
https://www.actionnetwork.com/legal-online-sports-betting/exclusive-betmgm-bonus-code-actionget-150-betting-bonus-available-for-open-championship-any-sporting-event-today,0,9,0%
https://www.actionnetwork.com/legal-online-sports-betting/fanatics-sportsbook-promo-yields-300-bonus-in-mi-nj-pa-offers-available-in-other-states-for-any-sport,0,9,0%
https://www.actionnetwork.com/legal-online-sports-betting/how-to-bet-on-chiefs-today-claim-more-than-3100-in-kansas-sportsbook-promos,0,9,0%
https://www.actionnetwork.com/legal-online-sports-betting/underdog-fantasy-promo-code-topaction-yields-50-in-bonus-cash-for-week-3-ncaaf-nfl-today,0,9,0%
https://www.actionnetwork.com/legal-online-sports-betting/auburn-vs-baylor-football-betting-promos-odds-prediction-and-more,0,8,0%
https://www.actionnetwork.com/legal-online-sports-betting/betmgm-pennsylvania-bonus-code-actionget-score-150-bonus-on-palmeiras-vs-botafogo-club-world-cup-round-of-16-today,0,8,0%
https://www.actionnetwork.com/legal-online-sports-betting/wimbledon-betting-promos-sinner-vs-alcaraz-odds-how-to-bet-on-tennis-now,0,8,0%
https://www.actionnetwork.com/legal-online-sports-betting/best-wimbledon-betting-promos-for-2025-tournament-use-3500-in-sign-up-offers-on-alcaraz-sinner-any-match-this-week,0,7,0%
https://www.actionnetwork.com/legal-online-sports-betting/bet365-bonus-code-topaction-200-bonus-bets-available-for-nfl-games-tonight,0,7,0%
https://www.actionnetwork.com/legal-online-sports-betting/bet365-nj-bonus-code-topaction-choose-150-bonus-or-1k-insurance-for-fluminense-vs-chelsea-club-world-cup-any-game-today,0,7,0%
https://www.actionnetwork.com/legal-online-sports-betting/betmgm-nj-bonus-code-actionget-150-in-bonus-bets-club-world-cup-fluminense-vs-chelsea-today,0,7,0%
https://www.actionnetwork.com/legal-online-sports-betting/betrivers-promo-code-claim-500-in-sportsbook-bonus-bets-to-bet-on-paul-skenes-pirates-cardinals-today,0,7,0%
https://www.actionnetwork.com/legal-online-sports-betting/cubs-vs-yankees-mlb-betting-promos-for-mlbn-game-dodgers-vs-giants-on-roku-any-game-today,0,7,0%
https://www.actionnetwork.com/legal-online-sports-betting/extended-betmgm-bonus-code-actionget-150-sports-betting-bonus-plus-2500-casino-offer-today,0,7,0%
https://www.actionnetwork.com/legal-online-sports-betting/nj-sportsbook-promos-for-club-world-cup-at-metlife-stadium-this-week-claim-3500-in-sign-up-bonuses,0,7,0%
https://www.actionnetwork.com/legal-online-sports-betting/notre-dame-vs-miami-football-betting-promos-today-with-lines-odds-ncaaf-prediction-and-more,0,7,0%
https://www.actionnetwork.com/legal-online-sports-betting/seahawks-cardinals-thursday-night-football-betting-promos-nfl-week-4,0,7,0%
https://www.actionnetwork.com/legal-online-sports-betting/sleeper-fantasy-promo-code-action-100-deposit-match-for-texas-vs-ohio-state-cfb-today-any-game,0,7,0%
https://www.actionnetwork.com/legal-online-sports-betting/bet365-bonus-code-topaction-delivers-200-in-bonus-bets-or-1000-first-bet-safety-net-for-cfb-week-0-any-sport,0,6,0%
https://www.actionnetwork.com/legal-online-sports-betting/bet365-bonus-code-topaction-provides-best-sunday-night-baseball-betting-promo-for-mets-vs-giants-on-espn,0,6,0%
https://www.actionnetwork.com/legal-online-sports-betting/betmgm-bonus-code-actionget-offers-150-in-bonus-bets-on-guardians-vs-cubs-mlb-club-world-cup-any-game-today,0,6,0%
https://www.actionnetwork.com/legal-online-sports-betting/betmgm-bonus-code-actionget-score-150-bonus-bets-today-for-mlb-phillies-vs-padres-any-sporting-event,0,6,0%
https://www.actionnetwork.com/legal-online-sports-betting/commanders-vs-packers-thursday-night-football-betting-promos-for-nfl-week-2,0,6,0%
https://www.actionnetwork.com/legal-online-sports-betting/dabble-fantasy-promo-code-action-25-sign-up-bonus-today-lions-ravens-monday-night-football,0,6,0%
https://www.actionnetwork.com/legal-online-sports-betting/fanduel-promo-code-bet-5-on-nfl-college-football-get-300-in-bonus-bets-if-you-win,0,6,0%
https://www.actionnetwork.com/legal-online-sports-betting/golf-betting-promos-for-3m-open-this-week-claim-3500-in-bonus-value-for-pga-tour-event,0,6,0%
https://www.actionnetwork.com/legal-online-sports-betting/how-to-bet-on-the-2025-nathans-hot-dog-eating-contest-with-joey-chestnut-return,0,6,0%
https://www.actionnetwork.com/legal-online-sports-betting/john-deere-classic-golf-betting-promos-this-week-score-3500-in-bonus-funds-for-pga-tournament,0,6,0%
https://www.actionnetwork.com/legal-online-sports-betting/new-caesars-sportsbook-promo-code-action420x-double-your-potential-winnings-on-20-bets-on-any-sport-including-nfl-cfb,0,6,0%
https://www.actionnetwork.com/legal-online-sports-betting/the-open-championship-golf-betting-promos-claim-top-sign-up-bonus-offers-for-major-tournament-this-week,0,6,0%
https://www.actionnetwork.com/legal-online-sports-betting/upgraded-150-betmgm-bonus-code-actionget-offer-for-yankees-vs-braves-mlb-any-game-today,0,6,0%
https://www.actionnetwork.com/legal-online-sports-betting/wnba-betting-promos-odds-today-land-3500-in-sign-up-offers-for-wings-vs-liberty-fever-vs-sparks,0,6,0%
https://www.actionnetwork.com/legal-online-sports-betting/alabama-vs-florida-state-2025-football-betting-promos-odds-prediction-and-more,0,5,0%
https://www.actionnetwork.com/legal-online-sports-betting/bet365-bonus-code-topaction-delivers-150-in-bonus-bets-or-1k-first-bet-safety-net-for-psg-vs-inter-miami-club-world-cup-any-sport,0,5,0%
https://www.actionnetwork.com/legal-online-sports-betting/bet365-bonus-code-topaction-get-up-to-1000-in-bonus-bets-on-fluminense-vs-chelsea-club-world-cup-semifinals-any-game-today,0,5,0%
https://www.actionnetwork.com/legal-online-sports-betting/bet365-bonus-code-topaction-new-150-welcome-bonus-or-1k-first-bet-available-for-mlb-wimbledon-any-sporting-event,0,5,0%
https://www.actionnetwork.com/legal-online-sports-betting/bet365-bonus-code-topaction-unlock-150-bet-and-get-or-1k-insurance-for-club-world-cup-any-game-today,0,5,0%
https://www.actionnetwork.com/legal-online-sports-betting/bet365-bonus-code-topaction-use-150-bet-and-get-promo-or-1000-first-bet-for-red-sox-vs-cubs-mlb-any-game-today,0,5,0%
https://www.actionnetwork.com/legal-online-sports-betting/betmgm-bonus-code-actionget-score-150-bet-and-get-promo-for-mlb-today-any-sporting-event,0,5,0%
https://www.actionnetwork.com/legal-online-sports-betting/betmgm-bonus-code-actionget-win-10-bet-earn-150-bonus-for-mlb-wnba-nascar-any-game,0,5,0%
https://www.actionnetwork.com/legal-online-sports-betting/betmgm-north-carolina-bonus-code-toptan1500-choose-1500-bonus-for-inter-milan-vs-fluminense-club-world-cup-in-charlotte-today,0,5,0%
https://www.actionnetwork.com/legal-online-sports-betting/college-football-betting-promos-for-todays-ncaaf-schedule-grab-4k-in-bonuses-now-week-2,0,5,0%
https://www.actionnetwork.com/legal-online-sports-betting/fanatics-sportsbook-ny-promo-collect-10-100-profit-boost-tokens-for-fever-vs-liberty-wnba-any-sport,0,5,0%
https://www.actionnetwork.com/legal-online-sports-betting/fanatics-sportsbook-promo-yields-20-100-no-sweat-bets-nfl-ncaaf-games-this-season,0,5,0%
https://www.actionnetwork.com/legal-online-sports-betting/nascar-cup-series-betting-odds-promos-2025-schedule-and-standings-best-sign-up-bonus-offers-this-week,0,5,0%
https://www.actionnetwork.com/legal-online-sports-betting/prizepicks-promo-code-actionmax-score-50-instantly-with-5-lineup-on-mlb-and-wnba,0,5,0%
https://www.actionnetwork.com/legal-online-sports-betting/sportsbooks-by-state,0,5,0%
https://www.actionnetwork.com/legal-online-sports-betting/ufc-319-betting-promos-claim-3500-in-bonus-value-for-any-fight-including-du-plessis-vs-chimaev,0,5,0%
https://www.actionnetwork.com/legal-online-sports-betting/ufc-betting-promos-for-ufc-318-holloway-vs-poirier-3-sign-up-with-3650-in-bonus-funds-now,0,5,0%
https://www.actionnetwork.com/legal-online-sports-betting/ufc-betting-promos-use-3650-in-sportsbook-bonuses-to-make-ufc-318-picks-tonight-for-holloway-vs-poirier-3-any-fight,0,5,0%
https://www.actionnetwork.com/legal-online-sports-betting/ufc-betting-promos-use-3650-in-sportsbook-bonuses-to-make-ufc-picks-in-las-vegas-tonight-for-ufc-317-topuria-vs-oliveira,0,5,0%
https://www.actionnetwork.com/legal-online-sports-betting/underdog-promo-code-topaction-get-1k-deposit-bonus-now-for-any-sport-including-nfl-mlb,0,5,0%
https://www.actionnetwork.com/legal-online-sports-betting/wnba-betting-promos-snag-3500-in-sign-up-bonus-offers-for-fever-vs-liberty-any-game,0,5,0%
https://www.actionnetwork.com/legal-online-sports-betting/150-bet365-bonus-code-topaction-available-for-mlb-wnba-any-game-today,0,4,0%
https://www.actionnetwork.com/legal-online-sports-betting/150-bet365-bonus-code-topaction-available-for-the-open-championship-on-thursday,0,4,0%
https://www.actionnetwork.com/legal-online-sports-betting/2025-hall-of-fame-game-nfl-betting-promos-bet-on-chargers-vs-lions-nfl-kickoff-from-canton-ohio,0,4,0%
https://www.actionnetwork.com/legal-online-sports-betting/bet365-bonus-code-topaction-choose-150-bet-and-get-or-1k-first-bet-insurance-for-nathans-hot-dog-eating-contest,0,4,0%
https://www.actionnetwork.com/legal-online-sports-betting/bet365-bonus-code-topaction-land-150-bonus-bets-for-mlb-wnba-any-sport-today,0,4,0%
https://www.actionnetwork.com/legal-online-sports-betting/bet365-bonus-code-topaction-pocket-150-bet-and-get-or-1000-safety-net-for-juventus-vs-manchester-city-club-world-cup-mlb-any-game-today,0,4,0%
https://www.actionnetwork.com/legal-online-sports-betting/bet365-bonus-code-topaction-score-150-in-bonus-bets-with-best-hall-of-fame-game-betting-promo,0,4,0%
https://www.actionnetwork.com/legal-online-sports-betting/bet365-bonus-code-topaction-score-200-in-bonus-bets-with-tcu-vs-north-carolina-betting-promo-on-labor-day,0,4,0%
https://www.actionnetwork.com/legal-online-sports-betting/bet365-bonus-code-topaction-yields-150-bonus-or-1k-first-bet-insurance-for-twins-vs-yankees-mlb-any-game,0,4,0%
https://www.actionnetwork.com/legal-online-sports-betting/bet365-nj-bonus-code-topaction-claim-150-bonus-bets-or-1k-first-bet-safety-net-for-psg-vs-real-madrid-club-world-cup,0,4,0%
https://www.actionnetwork.com/legal-online-sports-betting/betmgm-bonus-code-actionget-150-bonus-bets-available-for-mlb-games-all-sports-today,0,4,0%
https://www.actionnetwork.com/legal-online-sports-betting/betmgm-bonus-code-actionget-claim-150-bonus-for-chargers-vs-raiders-nfl-monday-night-football-any-game,0,4,0%
https://www.actionnetwork.com/legal-online-sports-betting/betmgm-bonus-code-actionget-score-150-betting-bonus-for-mlb-ncaaf-this-week,0,4,0%
https://www.actionnetwork.com/legal-online-sports-betting/betmgm-bonus-code-actionget-unlocks-150-bet-and-get-promo-for-mlb-home-run-derby-any-sporting-event-today,0,4,0%
https://www.actionnetwork.com/legal-online-sports-betting/betmgm-bonus-code-actionget-unlocks-150-bonus-for-club-world-cup-wimbledon-mlb-any-sporting-event,0,4,0%
https://www.actionnetwork.com/legal-online-sports-betting/betrivers-sportsbook-promo-code-500-bonus-bet-available-for-paul-skenes-diamondbacks-vs-pirates,0,4,0%
https://www.actionnetwork.com/legal-online-sports-betting/borussia-dortmund-vs-monterrey-club-world-cup-betting-promos-snag-3500-in-sign-up-bonus-offers-this-tuesday,0,4,0%
https://www.actionnetwork.com/legal-online-sports-betting/caesars-sportsbook-promo-code-action420x-double-your-winnings-for-college-football-games-this-week,0,4,0%
https://www.actionnetwork.com/legal-online-sports-betting/club-world-cup-betting-promos-for-inter-vs-fluminense-and-manchester-city-vs-al-hilal-net-3500-in-sign-up-bonuses-today,0,4,0%
https://www.actionnetwork.com/legal-online-sports-betting/extended-betmgm-bonus-code-actionget-unlock-150-sports-betting-bonus-now,0,4,0%
https://www.actionnetwork.com/legal-online-sports-betting/fanatics-sportsbook-new-jersey-promo-300-in-bonus-bets-or-1000-in-no-sweat-bets-for-fluminense-chelsea-club-world-cup,0,4,0%
https://www.actionnetwork.com/legal-online-sports-betting/fanatics-sportsbook-promo-get-1000-in-bonus-bets-for-fever-vs-liberty-wnba-any-game-this-week,0,4,0%
https://www.actionnetwork.com/legal-online-sports-betting/fanduel-promo-code-claim-300-bonus-cowboys-eagles-thursday-night-football-any-game-today,0,4,0%
https://www.actionnetwork.com/legal-online-sports-betting/is-online-horse-racing-betting-legal-in-my-state-top-options-for-kentucky-derby,0,4,0%
https://www.actionnetwork.com/legal-online-sports-betting/mlb-betting-promos-claim-up-to-3-5k-in-bonus-bets-for-cubs-vs-blue-jays-on-tbs-tonight-any-game,0,4,0%
https://www.actionnetwork.com/legal-online-sports-betting/nfl-betting-promos-claim-up-to-3-9k-in-bonus-bets-for-titans-vs-falcons-chiefs-vs-seahawks-preseason-today,0,4,0%
https://www.actionnetwork.com/legal-online-sports-betting/online-sports-betting-states-deposit-withdraw-promos-traveling,0,4,0%
https://www.actionnetwork.com/legal-online-sports-betting/rays-vs-yankees-mlb-betting-promos-bet-on-tonights-tbs-game-any-other-game-today,0,4,0%
https://www.actionnetwork.com/legal-online-sports-betting/rocket-classic-golf-betting-promos-score-3500-in-bonus-value-for-pga-tour-event-this-week,0,4,0%
https://www.actionnetwork.com/legal-online-sports-betting/royals-betting-promos-provide-3800-bonus-bets-today-vs-nationals-any-game-this-week,0,4,0%
https://www.actionnetwork.com/legal-online-sports-betting/ufc-betting-promos-claim-3500-in-sportsbook-bonuses-to-make-ufc-fight-night-picks-today-for-abu-dhabi-event,0,4,0%
https://www.actionnetwork.com/legal-online-sports-betting/underdog-fantasy-promo-code-topaction-secure-50-bonus-seahawks-cardinals-tnf-any-sport,0,4,0%
https://www.actionnetwork.com/legal-online-sports-betting/updated-betmgm-bonus-code-actionget-unlock-150-bonus-bets-for-juventus-vs-man-city-club-world-cup,0,4,0%
https://www.actionnetwork.com/legal-online-sports-betting/upgraded-bet365-bonus-code-topaction-access-150-bonus-bets-for-mlb-and-wnba-games-today,0,4,0%
https://www.actionnetwork.com/legal-online-sports-betting/2025-mlb-all-star-game-betting-promos-props-and-more-get-up-to-3-5k-in-bonuses-today,0,3,0%
https://www.actionnetwork.com/legal-online-sports-betting/bet365-bonus-code-topaction-150-bonus-bets-available-for-club-world-cup-round-of-16-matches,0,3,0%
https://www.actionnetwork.com/legal-online-sports-betting/bet365-bonus-code-topaction-150-in-bonus-bets-or-1k-first-bet-offer-for-pacers-vs-knicks-nba-eastern-conference-finals-game-1-any-game-today,0,3,0%
https://www.actionnetwork.com/legal-online-sports-betting/bet365-bonus-code-topaction-bet-5-get-200-in-bonus-bets-for-dolphins-vs-bills-tnf-any-nfl-week-3-game,0,3,0%
https://www.actionnetwork.com/legal-online-sports-betting/bet365-bonus-code-topaction-claim-150-bonus-best-new-kansas-sports-betting-app-today,0,3,0%
https://www.actionnetwork.com/legal-online-sports-betting/bet365-bonus-code-topaction-unlock-200-in-bonus-bets-for-ncaaf-week-1-games-now,0,3,0%
https://www.actionnetwork.com/legal-online-sports-betting/bet365-kansas-bonus-code-topaction-secure-200-bonus-bets-nfl-ncaaf-games-now,0,3,0%
https://www.actionnetwork.com/legal-online-sports-betting/betmgm-bonus-code-actionget-earns-150-in-bonus-bets-with-first-bet-win-on-rays-vs-yankees-any-game-today,0,3,0%
https://www.actionnetwork.com/legal-online-sports-betting/betmgm-bonus-code-actionget-net-150-bonus-2-5k-casino-bonuses-for-mlb-club-world-cup-semi-finals-any-game,0,3,0%
https://www.actionnetwork.com/legal-online-sports-betting/betrivers-sportsbook-promo-code-score-500-bonus-bet-for-reds-vs-pirates-paul-skenes-today,0,3,0%
https://www.actionnetwork.com/legal-online-sports-betting/caesars-sportsbook-promo-code-action420x-double-your-winnings-for-college-football-week-0-any-game,0,3,0%
https://www.actionnetwork.com/legal-online-sports-betting/caesars-sportsbook-promo-code-action420x-double-your-winnings-on-20-college-football-week-0-bets-any-sport-today,0,3,0%
https://www.actionnetwork.com/legal-online-sports-betting/caesars-sportsbook-promo-code-action420x-double-your-winnings-on-nfl-today-college-football-week-0,0,3,0%
https://www.actionnetwork.com/legal-online-sports-betting/chelsea-vs-psg-club-world-cup-final-betting-promos-odds-and-location,0,3,0%
https://www.actionnetwork.com/legal-online-sports-betting/club-world-cup-betting-promos-for-benfica-vs-bayern-munich-any-soccer-match-today,0,3,0%
https://www.actionnetwork.com/legal-online-sports-betting/college-football-betting-promos-get-over-5000-in-bonus-value-for-ncaaf-week-0-games,0,3,0%
https://www.actionnetwork.com/legal-online-sports-betting/cowboys-bears-betting-promos-nfl-odds-how-to-watch,0,3,0%
https://www.actionnetwork.com/legal-online-sports-betting/dabble-promo-code-action-10-sign-up-bonus-mlb-games-all-sports-entries-today,0,3,0%
https://www.actionnetwork.com/legal-online-sports-betting/dabble-promo-code-action-10-sign-up-bonus-today-mlb-picks-nfl-preseason-games,0,3,0%
https://www.actionnetwork.com/legal-online-sports-betting/draftkings-promo-code-claim-200-bet-get-bonus-crawford-canelo-any-event,0,3,0%
https://www.actionnetwork.com/legal-online-sports-betting/espn-bet-promo-code-action-get-100-in-bonus-bets-college-football-saturday-now,0,3,0%
https://www.actionnetwork.com/legal-online-sports-betting/extended-bet365-bonus-code-topaction-score-1k-first-bet-insurance-for-ufc-mlb-wimbledon-all-sports,0,3,0%
https://www.actionnetwork.com/legal-online-sports-betting/extended-betmgm-bonus-code-actionget-score-150-bet-and-get-promo-for-dolphins-vs-bills-tnf,0,3,0%
https://www.actionnetwork.com/legal-online-sports-betting/fanatics-sportsbook-promo-250-bonus-or-1000-in-no-sweat-bets-for-club-world-cup-mlb-any-game-today,0,3,0%
https://www.actionnetwork.com/legal-online-sports-betting/fanatics-sportsbook-promo-action-to-make-no-sweat-bet-on-college-football-today-unlock-100-fancash,0,3,0%
https://www.actionnetwork.com/legal-online-sports-betting/fanatics-sportsbook-promo-code-action-claim-best-nfl-betting-promo-for-sunday-nfl-week-3,0,3,0%
https://www.actionnetwork.com/legal-online-sports-betting/fanatics-sportsbook-promo-code-action-score-100-to-1-odds-jayden-daniels-tnf-boost-100-fancash-no-sweat-bets-commanders-vs-packers-now,0,3,0%
https://www.actionnetwork.com/legal-online-sports-betting/fanatics-sportsbook-promo-code-action-unveils-20-100-fancash-offers-ncaaf-nfl-games,0,3,0%
https://www.actionnetwork.com/legal-online-sports-betting/fanatics-sportsbook-promo-code-action-use-100-no-sweat-bets-on-falcons-vs-vikings-nfl-week-2-sunday-night-football,0,3,0%
https://www.actionnetwork.com/legal-online-sports-betting/fanatics-sportsbook-promo-get-100-in-no-sweat-bets-for-ncaaf-week-1-games-u-s-open-tennis-tournament,0,3,0%
https://www.actionnetwork.com/legal-online-sports-betting/fanatics-sportsbook-promo-grab-250-bonus-or-1k-no-sweat-bets-for-club-world-cup-mlb-any-sport,0,3,0%
https://www.actionnetwork.com/legal-online-sports-betting/genesis-scottish-open-golf-betting-promos-use-top-sign-up-bonus-offers-for-pga-tour-event,0,3,0%
https://www.actionnetwork.com/legal-online-sports-betting/home-run-derby-betting-promos-for-mlb-all-star-today-claim-up-to-3500-in-bonuses-at-top-sportsbooks,0,3,0%
https://www.actionnetwork.com/legal-online-sports-betting/mlb-betting-promos-get-3500-bonuses-today-slate-mariners-mets-sunday-night-baseball,0,3,0%
https://www.actionnetwork.com/legal-online-sports-betting/mlb-betting-promos-up-to-5100-in-bonus-value-for-red-sox-vs-yankees-sunday-night-baseball-any-game-today,0,3,0%
https://www.actionnetwork.com/legal-online-sports-betting/nascar-betting-promos-claim-top-sign-up-bonus-offers-for-cup-series-race-at-daytona-today,0,3,0%
https://www.actionnetwork.com/legal-online-sports-betting/new-bet365-bonus-code-topaction-150-bonus-or-1k-first-bet-available-for-mlb-games-any-sport-today,0,3,0%
https://www.actionnetwork.com/legal-online-sports-betting/new-bet365-bonus-code-topaction-pocket-150-bonus-for-mlb-home-run-derby-caitlin-clark-and-fever-wnba-any-game-today,0,3,0%
https://www.actionnetwork.com/legal-online-sports-betting/nfl-betting-promos-for-week-1-games-today-sign-up-now,0,3,0%
https://www.actionnetwork.com/legal-online-sports-betting/nfl-betting-promos-odds-and-lines-week-2-claim-over-4k-in-bonuses-at-top-sportsbooks-today,0,3,0%
https://www.actionnetwork.com/legal-online-sports-betting/prizepicks-promo-code-actionmax-play-5-on-red-sox-cubs-mlb-any-game-today-get-50-in-bonus-instantly,0,3,0%
https://www.actionnetwork.com/legal-online-sports-betting/prizepicks-promo-code-actionmax-score-50-in-bonus-lineups-on-psg-vs-inter-miami-club-world-cup-mlb-any-game-today,0,3,0%
https://www.actionnetwork.com/legal-online-sports-betting/prizepicks-promo-code-actionmax-yields-50-instantly-with-5-entry-on-mlb-any-sport-today,0,3,0%
https://www.actionnetwork.com/legal-online-sports-betting/royals-mlb-betting-promos-3500-in-bonus-bets-new-bet365-kansas-bonus-code-offer,0,3,0%
https://www.actionnetwork.com/legal-online-sports-betting/ryder-cup-betting-promos-teams-odds-2025-schedule-how-to-watch-usa-vs-europe-golf-event,0,3,0%
https://www.actionnetwork.com/legal-online-sports-betting/tigers-vs-rangers-mlb-betting-promos-for-tarik-skubal-vs-nathan-eovaldi-any-game-today,0,3,0%
https://www.actionnetwork.com/legal-online-sports-betting/twins-vs-tigers-mlb-betting-promos-for-sunday-night-baseball-on-espn-any-game-today,0,3,0%
https://www.actionnetwork.com/legal-online-sports-betting/ufc-betting-promos-use-3650-in-sportsbook-bonus-to-make-ufc-fight-night-picks-today-saturday-august-2-2025,0,3,0%
https://www.actionnetwork.com/legal-online-sports-betting/ufc-betting-promos-use-3650-in-sportsbook-bonuses-to-make-ufc-fight-night-picks-tonight,0,3,0%
https://www.actionnetwork.com/legal-online-sports-betting/underdog-promo-code-topaction-grab-50-bonus-for-vikings-vs-bears-monday-night-football-any-game-today,0,3,0%
https://www.actionnetwork.com/legal-online-sports-betting/al-ahly-vs-inter-miami-club-world-cup-betting-promos-use-top-sign-up-bonus-offers-for-soccer-tournament,0,2,0%
https://www.actionnetwork.com/legal-online-sports-betting/best-college-football-betting-promo-today-week-3-ncaaf-schedule-top-sportsbooks,0,2,0%
https://www.actionnetwork.com/legal-online-sports-betting/bet365-bonus-code-topaction-150-bonus-bets-available-for-mlb-wnba-any-game-today,0,2,0%
https://www.actionnetwork.com/legal-online-sports-betting/bet365-bonus-code-topaction-150-bonus-caitlin-clark-fever-sun-any-game-today,0,2,0%
https://www.actionnetwork.com/legal-online-sports-betting/bet365-bonus-code-topaction-150-in-bonus-bets-1000-first-bet-safety-net-man-city-al-hilal-club-world-cup-any-game-today,0,2,0%
https://www.actionnetwork.com/legal-online-sports-betting/bet365-bonus-code-topaction-bet-5-on-club-world-cup-for-150-in-bonus-bets-win-or-lose,0,2,0%
https://www.actionnetwork.com/legal-online-sports-betting/bet365-bonus-code-topaction-choose-150-bonus-bets-or-1000-insurance-for-mlb-orioles-vs-cubs-any-sport-this-weekend,0,2,0%
https://www.actionnetwork.com/legal-online-sports-betting/bet365-bonus-code-topaction-choose-between-150-bonus-or-1000-first-bet-safety-net-for-mlb-wnba-any-sport-today,0,2,0%
https://www.actionnetwork.com/legal-online-sports-betting/bet365-bonus-code-topaction-claim-150-bonus-for-mlb-games-any-sport-today,0,2,0%
https://www.actionnetwork.com/legal-online-sports-betting/bet365-bonus-code-topaction-claim-150-in-bonus-bets-or-1k-first-bet-safety-net-for-club-world-cup-borussia-dortmund-vs-monterrey-real-madrid-vs-juventus-any-game,0,2,0%
https://www.actionnetwork.com/legal-online-sports-betting/bet365-bonus-code-topaction-earns-150-in-bonus-bets-or-1k-first-bet-safety-net-for-chiefs-vs-seahawks-any-nfl-preseason-game,0,2,0%
https://www.actionnetwork.com/legal-online-sports-betting/bet365-bonus-code-topaction-grab-200-bonus-nebraska-cincinnati-any-cfb-game-today,0,2,0%
https://www.actionnetwork.com/legal-online-sports-betting/bet365-bonus-code-topaction-last-chance-to-unlock-200-bonus-for-cowboys-vs-eagles-nfl-week-1-any-game-today,0,2,0%
https://www.actionnetwork.com/legal-online-sports-betting/bet365-bonus-code-topaction-nets-150-in-bonus-bets-for-mlb-guardians-vs-cubs-on-espn-any-sporting-event,0,2,0%
https://www.actionnetwork.com/legal-online-sports-betting/bet365-bonus-code-topaction-new-200-bonus-offer-available-stanford-hawaii-ncaaf-any-game-today,0,2,0%
https://www.actionnetwork.com/legal-online-sports-betting/bet365-bonus-code-topaction-provides-200-bonus-offer-mlb-tnf-any-event-today,0,2,0%
https://www.actionnetwork.com/legal-online-sports-betting/bet365-bonus-code-topaction-provides-200-in-bonus-bets-to-new-users-for-ncaaf-week-1-any-sport,0,2,0%
https://www.actionnetwork.com/legal-online-sports-betting/bet365-bonus-code-topaction-secure-150-in-bonus-bets-for-mlb-or-wnba-games-any-sport-today,0,2,0%
https://www.actionnetwork.com/legal-online-sports-betting/bet365-bonus-code-topaction-secures-150-bonus-or-1k-first-bet-safety-net-for-mariners-vs-mets-sunday-night-baseball,0,2,0%
https://www.actionnetwork.com/legal-online-sports-betting/bet365-bonus-code-topaction-unlock-150-in-bonus-bets-or-1000-first-bet-for-mlb-wnba-all-sports,0,2,0%
https://www.actionnetwork.com/legal-online-sports-betting/bet365-bonus-code-topaction-unlocks-150-bet-and-get-or-1000-first-bet-offer-for-mlb-any-sporting-event-today,0,2,0%
https://www.actionnetwork.com/legal-online-sports-betting/bet365-bonus-code-topaction-unlocks-150-bet-and-get-promo-to-wager-on-mlb-any-sport-today,0,2,0%
https://www.actionnetwork.com/legal-online-sports-betting/bet365-bonus-code-topaction-use-150-bet-and-get-promo-on-wimbledon-wnba-mlb-any-sport,0,2,0%
https://www.actionnetwork.com/legal-online-sports-betting/bet365-bonus-code-topaction-use-150-betting-bonus-for-mlb-today-any-game-this-week,0,2,0%
https://www.actionnetwork.com/legal-online-sports-betting/bet365-bonus-code-topaction-use-best-nba-draft-betting-promo-for-150-bonus-on-cooper-flagg-first-round-tonight,0,2,0%
https://www.actionnetwork.com/legal-online-sports-betting/bet365-illinois-bonus-code-topaction-supplies-best-mlb-betting-promo-for-red-sox-vs-cubs-today-any-game,0,2,0%
https://www.actionnetwork.com/legal-online-sports-betting/bet365-kansas-bonus-code-topaction-claim-150-bonus-bets-for-royals-chiefs-any-team,0,2,0%
https://www.actionnetwork.com/legal-online-sports-betting/bet365-kansas-bonus-code-topaction-grab-150-in-bonus-bets-for-rangers-vs-royals-any-game-this-week,0,2,0%
https://www.actionnetwork.com/legal-online-sports-betting/bet365-kansas-bonus-code-topaction-score-150-in-bonus-bets-for-ks-sportsbook-launch-today,0,2,0%
https://www.actionnetwork.com/legal-online-sports-betting/bet365-maryland-bonus-code-topaction-get-300-in-bonus-bets-for-md-sportsbook-launch-today,0,2,0%
https://www.actionnetwork.com/legal-online-sports-betting/bet365-maryland-bonus-code-topaction-score-200-in-bonus-bets-for-lions-vs-ravens-on-monday-night-football,0,2,0%
https://www.actionnetwork.com/legal-online-sports-betting/betmgm-bonus-code-actionget-claim-150-bonus-bets-and-2500-casino-credits-for-nfl-mlb-games-today,0,2,0%
https://www.actionnetwork.com/legal-online-sports-betting/betmgm-bonus-code-actionget-claim-150-bonus-bets-for-mlb-games-today-and-2500-casino-credits,0,2,0%
https://www.actionnetwork.com/legal-online-sports-betting/betmgm-bonus-code-actionget-claim-150-bonus-bets-for-mlb-wnba-any-game-today,0,2,0%
https://www.actionnetwork.com/legal-online-sports-betting/betmgm-bonus-code-actionget-earns-150-bet-and-get-bonus-for-mlb-all-star-game-any-event-today,0,2,0%
https://www.actionnetwork.com/legal-online-sports-betting/betmgm-bonus-code-actionget-land-150-in-bonus-bets-for-mlb-any-sporting-event-today,0,2,0%
https://www.actionnetwork.com/legal-online-sports-betting/betmgm-bonus-code-actionget-net-150-bonus-bets-for-caitlin-clark-and-fever-vs-liberty-in-wnba-any-game-today,0,2,0%
https://www.actionnetwork.com/legal-online-sports-betting/betmgm-bonus-code-actionget-net-150-bonus-bets-with-winning-first-bet-on-mlb-orioles-vs-cubs-any-game-today,0,2,0%
https://www.actionnetwork.com/legal-online-sports-betting/betmgm-bonus-code-actionget-nets-150-betting-promo-for-cowboys-vs-eagles-nfl-week-1-kickoff-any-game,0,2,0%
https://www.actionnetwork.com/legal-online-sports-betting/betmgm-bonus-code-actionget-unlock-150-betting-bonus-in-mi-nj-pa-wv-for-mlb-games-and-nfl-preseason,0,2,0%
https://www.actionnetwork.com/legal-online-sports-betting/betmgm-bonus-code-actionget-unlock-150-bonus-bets-for-any-sport-including-mlb-wnba-ufc,0,2,0%
https://www.actionnetwork.com/legal-online-sports-betting/betmgm-bonus-code-actionget-win-150-bonus-and-2500-in-casino-credits-in-select-states,0,2,0%
https://www.actionnetwork.com/legal-online-sports-betting/betmgm-bonus-code-toptan1600-unlocks-up-to-1600-sports-bonus-funds-for-nfl-college-football-any-sport,0,2,0%
https://www.actionnetwork.com/legal-online-sports-betting/betmgm-pa-bonus-code-actionget-grab-150-bonus-for-cowboys-vs-eagles-nfl-on-thursday-night-football-any-game,0,2,0%
https://www.actionnetwork.com/legal-online-sports-betting/betrivers-promo-code-get-a-2nd-chance-bet-up-to-500-for-blue-jays-vs-pirates-paul-skenes-prop-bets,0,2,0%
https://www.actionnetwork.com/legal-online-sports-betting/betrivers-sportsbook-promo-code-grab-500-bonus-bet-for-paul-skenes-pirates-vs-rockies,0,2,0%
https://www.actionnetwork.com/legal-online-sports-betting/betrivers-sportsbook-promo-code-score-500-bonus-bet-to-wager-on-paul-skenes-tigers-vs-pirates-today,0,2,0%
https://www.actionnetwork.com/legal-online-sports-betting/bucs-texans-betting-promos-nfl-monday-night-football-week-2-top-sportsbooks,0,2,0%
https://www.actionnetwork.com/legal-online-sports-betting/caesars-sportsbook-promo-code-action20x-doubles-your-winnings-for-nfl-kickoff-game-any-sport-today,0,2,0%
https://www.actionnetwork.com/legal-online-sports-betting/caesars-sportsbook-promo-code-action420x-get-20-100-profit-boost-tokens-for-any-mlb-game-tonight,0,2,0%
https://www.actionnetwork.com/legal-online-sports-betting/club-world-cup-betting-promos-for-palmeiras-vs-chelsea-quarterfinals-this-weekend-grab-3500-in-sign-up-bonuses-and-offers,0,2,0%
https://www.actionnetwork.com/legal-online-sports-betting/dodgers-vs-brewers-mlb-betting-promos-earn-3-5k-in-bonuses-for-tbs-broadcast-any-game-today,0,2,0%
https://www.actionnetwork.com/legal-online-sports-betting/draftkings-promo-code-200-in-bonus-bets-available-for-seahawks-vs-cardinals-nfl-thursday-night-football,0,2,0%
https://www.actionnetwork.com/legal-online-sports-betting/draftkings-promo-code-grab-200-bonus-bets-instantly-seahawks-cardinals-thursday-night-football,0,2,0%
https://www.actionnetwork.com/legal-online-sports-betting/draftkings-promo-code-offers-200-bonus-bets-nfl-sunday-ticket-discount-this-week,0,2,0%
https://www.actionnetwork.com/legal-online-sports-betting/exclusive-betmgm-bonus-code-actionget-earns-150-in-bonus-bets-for-all-sports-including-mlb-wnba-and-nfl-preseason,0,2,0%
https://www.actionnetwork.com/legal-online-sports-betting/extended-bet365-bonus-code-topaction-unlock-150-in-bonus-bets-or-1000-first-bet-safety-net-for-mlb-home-run-derby,0,2,0%
https://www.actionnetwork.com/legal-online-sports-betting/extended-betmgm-bonus-code-actionget-offers-150-bonus-to-new-users-for-mlb-any-game-today,0,2,0%
https://www.actionnetwork.com/legal-online-sports-betting/fanatics-sportsbook-ny-promo-yields-20-25-no-sweat-bets-college-football-today-any-market,0,2,0%
https://www.actionnetwork.com/legal-online-sports-betting/fanatics-sportsbook-promo-300-in-bonus-bets-available-for-mlb-games-today-including-diamondbacks-vs-rockies,0,2,0%
https://www.actionnetwork.com/legal-online-sports-betting/fanatics-sportsbook-promo-choose-300-or-1000-in-no-sweat-bets-on-rays-vs-tigers-mlb-club-world-cup-wimbledon,0,2,0%
https://www.actionnetwork.com/legal-online-sports-betting/fanatics-sportsbook-promo-claim-up-300-bet-get-bonus-royals-red-sox-mlb-any-sport-today,0,2,0%
https://www.actionnetwork.com/legal-online-sports-betting/fanatics-sportsbook-promo-code-action-get-100-fancash-100-no-sweat-bet-for-dolphins-vs-bills-tnf-nine-additional-game-days,0,2,0%
https://www.actionnetwork.com/legal-online-sports-betting/fanatics-sportsbook-promo-code-action-get-200-in-bonus-value-today-for-lions-vs-ravens-mnf,0,2,0%
https://www.actionnetwork.com/legal-online-sports-betting/fanatics-sportsbook-promo-code-action-offers-100-bonus-for-ncaaf-games-today-including-auburn-vs-oklahoma,0,2,0%
https://www.actionnetwork.com/legal-online-sports-betting/fanatics-sportsbook-promo-code-get-300-in-bonuses-1k-in-no-sweat-bets-for-any-game-today-including-astros-vs-red-sox,0,2,0%
https://www.actionnetwork.com/legal-online-sports-betting/fanatics-sportsbook-promo-collect-300-bonus-or-1k-in-no-sweat-bets-for-jaguars-vs-saints-bills-vs-bears-nfl-preseason-any-sunday-game,0,2,0%
https://www.actionnetwork.com/legal-online-sports-betting/fanatics-sportsbook-promo-get-up-to-300-in-bonus-bets-for-mlb-home-run-derby-any-game-tonight,0,2,0%
https://www.actionnetwork.com/legal-online-sports-betting/fanatics-sportsbook-promo-offers-300-bonus-on-4th-of-july-mlb-today-wimbledon-any-game,0,2,0%
https://www.actionnetwork.com/legal-online-sports-betting/fanatics-sportsbook-promo-provides-250-bet-and-get-or-1000-in-no-sweat-bets-for-mlb-games-any-sport,0,2,0%
https://www.actionnetwork.com/legal-online-sports-betting/fanatics-sportsbook-promo-unlocks-up-to-300-bet-and-get-or-1k-no-sweat-bets-for-mlb-guardians-vs-cubs-any-game-today,0,2,0%
https://www.actionnetwork.com/legal-online-sports-betting/fanatics-sportsbook-promo-yields-1k-no-sweat-bets-offer-across-10-days-for-mlb-games-any-sport-this-week,0,2,0%
https://www.actionnetwork.com/legal-online-sports-betting/fanduel-promo-code-claim-best-kc-chiefs-vs-ny-giants-sign-up-offer-now,0,2,0%
https://www.actionnetwork.com/legal-online-sports-betting/fever-vs-sun-caitlin-clark-betting-promos-claim-sign-up-bonus-offers-for-wnba-matchup,0,2,0%
https://www.actionnetwork.com/legal-online-sports-betting/iowa-state-vs-kansas-state-football-betting-promos-odds-prediction-and-more,0,2,0%
https://www.actionnetwork.com/legal-online-sports-betting/is-online-horse-racing-betting-legal-in-my-state-plus-which-sites-to-use-by-state,0,2,0%
https://www.actionnetwork.com/legal-online-sports-betting/kansas-sportsbook-promos-claim-top-sign-up-bonus-offers-and-bet-on-royals-chiefs-any-game-today,0,2,0%
https://www.actionnetwork.com/legal-online-sports-betting/kansas-sportsbook-promos-pocket-3100-in-betting-bonuses-for-chiefs-royals-any-game,0,2,0%
https://www.actionnetwork.com/legal-online-sports-betting/mlb-betting-promos-earn-up-to-3-5k-in-bonus-bets-for-mets-vs-giants-sunday-night-baseball-any-game-today,0,2,0%
https://www.actionnetwork.com/legal-online-sports-betting/mlb-betting-promos-earn-up-to-3-5k-in-bonuses-at-top-sportsbooks-for-reds-vs-cubs-tbs-any-game-today,0,2,0%
https://www.actionnetwork.com/legal-online-sports-betting/mlb-betting-promos-provide-up-to-3500-in-combined-bonuses-for-red-sox-vs-cubs-reds-vs-mets-any-game,0,2,0%
https://www.actionnetwork.com/legal-online-sports-betting/mlb-betting-promos-supply-up-to-3-5k-in-bonus-bets-for-red-sox-vs-phillies-any-game-today,0,2,0%
https://www.actionnetwork.com/legal-online-sports-betting/nba-draft-betting-promos-for-the-first-round-net-3500-in-bonus-funds-to-bet-nba-draft-betting-odds-including-cooper-flagg-odds,0,2,0%
https://www.actionnetwork.com/legal-online-sports-betting/new-betmgm-bonus-code-actionget-offers-150-in-betting-bonus-for-caitlin-clark-and-fever-vs-liberty-wnba-any-game-today,0,2,0%
https://www.actionnetwork.com/legal-online-sports-betting/new-caesars-sportsbook-promo-code-action420x-pocket-20-100-profit-boost-tokens-to-bet-on-wnba-mlb-any-game-today,0,2,0%
https://www.actionnetwork.com/legal-online-sports-betting/nfl-betting-promos-for-vikings-vs-bears-monday-night-football-week-1-unlock-4800-sportsbook-bonuses-now,0,2,0%
https://www.actionnetwork.com/legal-online-sports-betting/nfl-betting-promos-get-over-6000-in-bonus-value-for-week-1-games-including-cowboys-vs-eagles,0,2,0%
https://www.actionnetwork.com/legal-online-sports-betting/nfl-betting-promos-pocket-3500-in-bonuses-to-wager-on-nfl-preseason-nfl-futures-bets-nfl-week-one-any-markets-today,0,2,0%
https://www.actionnetwork.com/legal-online-sports-betting/nfl-betting-promos-preseason-week-1-get-3500-bonuses-today-colts-ravens-bengals-eagles-raiders-seahawks,0,2,0%
https://www.actionnetwork.com/legal-online-sports-betting/paul-skenes-betting-promos-for-mlb-pirates-vs-cardinals-any-game-this-week,0,2,0%
https://www.actionnetwork.com/legal-online-sports-betting/prizepicks-promo-code-actionmax-get-50-bonus-with-5-lineup-for-any-sport-including-friday-mlb,0,2,0%
https://www.actionnetwork.com/legal-online-sports-betting/prizepicks-promo-code-actionmax-grab-50-instantly-with-5-initial-entry-on-any-sport-including-mlb,0,2,0%
https://www.actionnetwork.com/legal-online-sports-betting/prizepicks-promo-code-actionmax-place-5-lineup-get-50-instantly-for-mlb-games-any-sport,0,2,0%
https://www.actionnetwork.com/legal-online-sports-betting/prizepicks-promo-code-actionmax-submit-5-lineup-get-50-instantly-for-any-sport-today,0,2,0%
https://www.actionnetwork.com/legal-online-sports-betting/prizepicks-promo-code-actionmax-yields-50-instantly-with-5-entry-on-any-sport-including-wnba,0,2,0%
https://www.actionnetwork.com/legal-online-sports-betting/sleeper-fantasy-promo-code-action-100-deposit-match-available-for-mlb-wnba-any-sport,0,2,0%
https://www.actionnetwork.com/legal-online-sports-betting/sleeper-fantasy-promo-code-action-scores-100-deposit-match-any-game-including-seahawks-cardinals-tnf,0,2,0%
https://www.actionnetwork.com/legal-online-sports-betting/underdog-promo-code-topaction-grab-1k-deposit-match-offer-for-mlb-entries-today-any-sport,0,2,0%
https://www.actionnetwork.com/legal-online-sports-betting/underdog-promo-code-topaction-place-5-lineup-with-ncaaf-picks-get-50-today,0,2,0%
https://www.actionnetwork.com/legal-online-sports-betting/underdog-promo-code-topaction-yields-50-bonus-for-nfl-ncaaf-entries-today,0,2,0%
https://www.actionnetwork.com/legal-online-sports-betting/bet365-bonus-code-topaction-150-bonus-available-for-mlb-games-any-sporting-event-today,0,1,0%
https://www.actionnetwork.com/legal-online-sports-betting/bet365-bonus-code-topaction-150-bonus-available-for-mlb-wnba-any-sporting-event-today,0,1,0%
https://www.actionnetwork.com/legal-online-sports-betting/bet365-bonus-code-topaction-150-bonus-or-1k-first-bet-available-for-any-sport-including-mlb-wnba-nfl,0,1,0%
https://www.actionnetwork.com/legal-online-sports-betting/bet365-bonus-code-topaction-150-bonus-with-first-bet-on-cardinals-vs-cubs-mlb-club-world-cup-wimbledon,0,1,0%
https://www.actionnetwork.com/legal-online-sports-betting/bet365-bonus-code-topaction-365-in-return-value-offered-for-saints-panthers,0,1,0%
https://www.actionnetwork.com/legal-online-sports-betting/bet365-bonus-code-topaction-choose-150-betting-bonus-or-1000-first-bet-for-rays-vs-yankees-mlb-any-game-this-week,0,1,0%
https://www.actionnetwork.com/legal-online-sports-betting/bet365-bonus-code-topaction-choose-150-bonus-bets-or-1k-first-bet-offer-for-nfl-hall-of-fame-game-chargers-vs-lions-any-sport-today,0,1,0%
https://www.actionnetwork.com/legal-online-sports-betting/bet365-bonus-code-topaction-choose-between-150-bonus-or-1k-first-bet-safety-net-for-club-world-cup-round-of-16-matches,0,1,0%
https://www.actionnetwork.com/legal-online-sports-betting/bet365-bonus-code-topaction-claim-150-bet-and-get-or-1k-first-bet-for-phillies-vs-braves-any-game,0,1,0%
https://www.actionnetwork.com/legal-online-sports-betting/bet365-bonus-code-topaction-claim-150-bonus-to-use-on-mlb-wnba-any-sporting-event,0,1,0%
https://www.actionnetwork.com/legal-online-sports-betting/bet365-bonus-code-topaction-claim-150-in-bonus-bets-or-1k-first-bet-safety-net-for-nba-draft-betting-odds,0,1,0%
https://www.actionnetwork.com/legal-online-sports-betting/bet365-bonus-code-topaction-claim-150-in-bonus-bets-with-best-chiefs-betting-promo,0,1,0%
https://www.actionnetwork.com/legal-online-sports-betting/bet365-bonus-code-topaction-claim-150-in-bonus-bets-with-best-mlb-all-star-game-promo,0,1,0%
https://www.actionnetwork.com/legal-online-sports-betting/bet365-bonus-code-topaction-claim-200-bet-and-get-for-nfl-preseason-games-any-sport,0,1,0%
https://www.actionnetwork.com/legal-online-sports-betting/bet365-bonus-code-topaction-claim-200-bonus-bets-for-mlb-games-today-any-sport,0,1,0%
https://www.actionnetwork.com/legal-online-sports-betting/bet365-bonus-code-topaction-claim-200-mlb-u-s-open-tennis-promo,0,1,0%
https://www.actionnetwork.com/legal-online-sports-betting/bet365-bonus-code-topaction-claim-200-with-best-lsu-vs-clemson-betting-promo-now,0,1,0%
https://www.actionnetwork.com/legal-online-sports-betting/bet365-bonus-code-topaction-claim-300-bonus-best-cowboys-eagles-betting-promo-now,0,1,0%
https://www.actionnetwork.com/legal-online-sports-betting/bet365-bonus-code-topaction-claim-300-bonus-for-college-football-games,0,1,0%
https://www.actionnetwork.com/legal-online-sports-betting/bet365-bonus-code-topaction-claim-300-in-bonus-bets-for-chiefs-vs-chargers-nfl-in-brazil-now,0,1,0%
https://www.actionnetwork.com/legal-online-sports-betting/bet365-bonus-code-topaction-claim-giants-vs-cowboys-nfl-300-offer-now,0,1,0%
https://www.actionnetwork.com/legal-online-sports-betting/bet365-bonus-code-topaction-claim-new-200-bet-get-offer-college-football-any-sport-today,0,1,0%
https://www.actionnetwork.com/legal-online-sports-betting/bet365-bonus-code-topaction-collect-200-in-bonus-bets-for-any-cfb-game-including-texas-tech-vs-utah-now,0,1,0%
https://www.actionnetwork.com/legal-online-sports-betting/bet365-bonus-code-topaction-delivers-150-bonus-or-1k-first-bet-for-mlb-ufc-any-sport,0,1,0%
https://www.actionnetwork.com/legal-online-sports-betting/bet365-bonus-code-topaction-delivers-300-bonus-vikings-bears-monday-night-football-any-game,0,1,0%
https://www.actionnetwork.com/legal-online-sports-betting/bet365-bonus-code-topaction-earns-150-bonus-bets-1k-first-bet-insurance-any-mlb-game-this-weekend,0,1,0%
https://www.actionnetwork.com/legal-online-sports-betting/bet365-bonus-code-topaction-earns-200-bet-and-get-bonus-for-nfl-week-1-any-sport-today,0,1,0%
https://www.actionnetwork.com/legal-online-sports-betting/bet365-bonus-code-topaction-get-150-bonus-bets-for-nfl-mlb-any-sport-this-weekend,0,1,0%
https://www.actionnetwork.com/legal-online-sports-betting/bet365-bonus-code-topaction-get-150-bonus-or-1k-first-bet-insurance-for-chiefs-vs-seahawks-nfl-any-game,0,1,0%
https://www.actionnetwork.com/legal-online-sports-betting/bet365-bonus-code-topaction-get-150-in-bonus-bets-via-best-nfl-betting-promo,0,1,0%
https://www.actionnetwork.com/legal-online-sports-betting/bet365-bonus-code-topaction-get-200-sportsbook-bonus-to-bet-college-football-week-1-any-game-today,0,1,0%
https://www.actionnetwork.com/legal-online-sports-betting/bet365-bonus-code-topaction-grab-150-in-bonus-bets-or-1k-first-bet-offer-for-mlb-bets-any-game,0,1,0%
https://www.actionnetwork.com/legal-online-sports-betting/bet365-bonus-code-topaction-grants-150-guaranteed-bonus-this-weekend-for-mlb-action-any-game,0,1,0%
https://www.actionnetwork.com/legal-online-sports-betting/bet365-bonus-code-topaction-net-150-bonus-or-1000-first-bet-insurance-for-mlb-wnba-any-sport-today,0,1,0%
https://www.actionnetwork.com/legal-online-sports-betting/bet365-bonus-code-topaction-offers-150-betting-bonus-for-thursday-mlb-games-any-sport-today,0,1,0%
https://www.actionnetwork.com/legal-online-sports-betting/bet365-bonus-code-topaction-score-200-bet-and-get-promo-for-red-sox-vs-yankees-mlb-on-espn-any-game-today,0,1,0%
https://www.actionnetwork.com/legal-online-sports-betting/bet365-bonus-code-topaction-score-300-in-bonus-bets-for-cowboys-vs-eagles-nfl-week-1,0,1,0%
https://www.actionnetwork.com/legal-online-sports-betting/bet365-bonus-code-topaction-select-150-in-bonus-bets-or-1k-insurance-for-mlb-club-world-cup-any-saturday-sports,0,1,0%
https://www.actionnetwork.com/legal-online-sports-betting/bet365-bonus-code-topaction-snag-150-in-bonus-bets-or-1k-first-bet-safety-net-for-nfl-preseason-this-weekend,0,1,0%
https://www.actionnetwork.com/legal-online-sports-betting/bet365-bonus-code-topaction-unlocks-1000-first-bet-insurance-for-mlb-club-world-cup-semi-finals-any-game,0,1,0%
https://www.actionnetwork.com/legal-online-sports-betting/bet365-bonus-code-topaction-unlocks-150-bonus-or-1k-insurance-new-user-promo-for-mlb-wnba-any-sport,0,1,0%
https://www.actionnetwork.com/legal-online-sports-betting/bet365-bonus-code-topaction-unlocks-200-bet-and-get-promo-for-college-football-week-1-any-game-today,0,1,0%
https://www.actionnetwork.com/legal-online-sports-betting/bet365-bonus-code-topaction-unlocks-300-bonus-bets-in-all-states-for-nfl-kickoff-any-game,0,1,0%
https://www.actionnetwork.com/legal-online-sports-betting/bet365-bonus-code-topaction-upgraded-150-bonus-for-tuesday-mlb-games-nfl-preseason,0,1,0%
https://www.actionnetwork.com/legal-online-sports-betting/bet365-bonus-code-topaction-upgraded-200-bonus-bets-available-for-mlb-college-football-any-sport-today,0,1,0%
https://www.actionnetwork.com/legal-online-sports-betting/bet365-bonus-code-topaction-use-150-bonus-on-nfl-hall-of-fame-game-mlb-games-today,0,1,0%
https://www.actionnetwork.com/legal-online-sports-betting/bet365-bonus-code-topaction-yields-150-in-bonus-bets-or-1000-first-bet-for-al-ahly-vs-inter-miami-club-world-cup,0,1,0%
https://www.actionnetwork.com/legal-online-sports-betting/bet365-bonus-code-topaction-yields-150-in-bonus-bets-or-1k-first-bet-for-phillies-vs-giants-any-game,0,1,0%
https://www.actionnetwork.com/legal-online-sports-betting/bet365-kansas-bonus-code-topaction-delivers-150-in-bonus-bets-for-white-sox-vs-royals-mlb-any-sunday-game,0,1,0%
https://www.actionnetwork.com/legal-online-sports-betting/bet365-kansas-bonus-code-topaction-offers-150-in-bonus-bets-nfl-preseason-any-game-today,0,1,0%
https://www.actionnetwork.com/legal-online-sports-betting/bet365-kansas-bonus-code-topaction-score-150-in-bonus-bets-chiefs-vs-seahawks-any-game-today,0,1,0%
https://www.actionnetwork.com/legal-online-sports-betting/bet365-kansas-bonus-code-topaction-unlock-150-bonus-for-bet365-ks-sportsbook-launch-now,0,1,0%
https://www.actionnetwork.com/legal-online-sports-betting/bet365-maryland-bonus-code-topaction-claim-300-in-bonus-bets-for-thursday-night-football-commanders-vs-packers,0,1,0%
https://www.actionnetwork.com/legal-online-sports-betting/bet365-ohio-bonus-code-topaction-claim-200-bonus-bets-for-texas-vs-ohio-state-any-ncaaf-game,0,1,0%
https://www.actionnetwork.com/legal-online-sports-betting/betmgm-bonus-code-actionget-150-bonus-and-2500-casino-credits-available-in-august,0,1,0%
https://www.actionnetwork.com/legal-online-sports-betting/betmgm-bonus-code-actionget-150-bonus-bets-and-2500-casino-credits-available-for-labor-day-weekend,0,1,0%
https://www.actionnetwork.com/legal-online-sports-betting/betmgm-bonus-code-actionget-150-sports-betting-bonus-available-for-college-football-week-1-games,0,1,0%
https://www.actionnetwork.com/legal-online-sports-betting/betmgm-bonus-code-actionget-banks-150-in-bonus-bets-for-cubs-vs-cardinals-sunday-night-baseball-mlb-saints-vs-chargers-nfl-preseason,0,1,0%
https://www.actionnetwork.com/legal-online-sports-betting/betmgm-bonus-code-actionget-best-nfl-bet-and-get-today-for-150-in-bonus-bets,0,1,0%
https://www.actionnetwork.com/legal-online-sports-betting/betmgm-bonus-code-actionget-bet-10-get-150-in-bonus-bets-for-commanders-vs-packers-nfl-week-2-games,0,1,0%
https://www.actionnetwork.com/legal-online-sports-betting/betmgm-bonus-code-actionget-claim-150-bonus-bets-tigers-phillies-mlb-any-game-today,0,1,0%
https://www.actionnetwork.com/legal-online-sports-betting/betmgm-bonus-code-actionget-claim-150-bonus-for-1500-in-bonus-value-for-club-world-cup-final-psg-vs-chelsea,0,1,0%
https://www.actionnetwork.com/legal-online-sports-betting/betmgm-bonus-code-actionget-claim-150-in-bonus-bets-for-ncaaf-games-from-best-cfb-betting-promo-in-mi-nj-and-pa,0,1,0%
https://www.actionnetwork.com/legal-online-sports-betting/betmgm-bonus-code-actionget-claim-150-in-bonus-bets-with-10-first-bet-win-on-the-open-championship-any-event-today,0,1,0%
https://www.actionnetwork.com/legal-online-sports-betting/betmgm-bonus-code-actionget-claim-bet-and-get-offer-for-saturday-college-football-now,0,1,0%
https://www.actionnetwork.com/legal-online-sports-betting/betmgm-bonus-code-actionget-delivers-150-in-bonus-bets-for-nfl-any-sport-today,0,1,0%
https://www.actionnetwork.com/legal-online-sports-betting/betmgm-bonus-code-actionget-get-up-to-1500-in-bonus-value-for-mlb-games-today,0,1,0%
https://www.actionnetwork.com/legal-online-sports-betting/betmgm-bonus-code-actionget-grab-150-bet-and-get-bonus-offer-for-reds-vs-pirates-mlb-any-game,0,1,0%
https://www.actionnetwork.com/legal-online-sports-betting/betmgm-bonus-code-actionget-grab-150-bonus-bets-nfl-preseason-games-any-sport,0,1,0%
https://www.actionnetwork.com/legal-online-sports-betting/betmgm-bonus-code-actionget-offers-150-bonus-for-mlb-games-today-3m-open-wnba,0,1,0%
https://www.actionnetwork.com/legal-online-sports-betting/betmgm-bonus-code-actionget-score-150-bonus-for-commanders-vs-packers-tnf-any-game-today,0,1,0%
https://www.actionnetwork.com/legal-online-sports-betting/betmgm-bonus-code-actionget-score-150-bonus-for-thursday-night-football,0,1,0%
https://www.actionnetwork.com/legal-online-sports-betting/betmgm-bonus-code-actionget-score-150-in-bonus-bets-for-yankees-mariners-mlb-any-game-today,0,1,0%
https://www.actionnetwork.com/legal-online-sports-betting/betmgm-bonus-code-actionget-score-150-in-bonus-bets-with-best-hall-of-fame-game-betting-promo,0,1,0%
https://www.actionnetwork.com/legal-online-sports-betting/betmgm-bonus-code-actionget-secure-150-bet-get-nfl-week-1-games-any-sport-this-week,0,1,0%
https://www.actionnetwork.com/legal-online-sports-betting/betmgm-bonus-code-actionget-snag-150-in-bonus-bets-for-cowboys-vs-eagles-from-best-nfl-betting-promo-in-mi-nj-and-pa-today,0,1,0%
https://www.actionnetwork.com/legal-online-sports-betting/betmgm-bonus-code-actionget-snag-150-in-bonus-bets-for-mlb-wnba-any-sunday-sports,0,1,0%
https://www.actionnetwork.com/legal-online-sports-betting/betmgm-bonus-code-actionget-unlock-150-bonus-if-you-win-bet-on-nba-playoffs-thunder-vs-nuggets-any-game-today,0,1,0%
https://www.actionnetwork.com/legal-online-sports-betting/betmgm-bonus-code-actionget-unlocks-150-bet-and-get-bonus-for-mlb-any-sport-this-week,0,1,0%
https://www.actionnetwork.com/legal-online-sports-betting/betmgm-bonus-code-actionget-unlocks-150-bet-and-get-chiefs-vs-chargers-nfl-betting-promo,0,1,0%
https://www.actionnetwork.com/legal-online-sports-betting/betmgm-bonus-code-actionget-unlocks-150-bonus-bets-when-you-bet-on-mlb-any-game-today,0,1,0%
https://www.actionnetwork.com/legal-online-sports-betting/betmgm-bonus-code-actionget-unlocks-150-bonus-for-mlb-wnba-any-game-today,0,1,0%
https://www.actionnetwork.com/legal-online-sports-betting/betmgm-bonus-code-actionget-use-150-bonus-on-mlb-games-today-any-sporting-event,0,1,0%
https://www.actionnetwork.com/legal-online-sports-betting/betmgm-bonus-code-actionget-yields-150-bonus-bets-ncaaf-games-today-any-sport,0,1,0%
https://www.actionnetwork.com/legal-online-sports-betting/betmgm-bonus-code-topaction-claim-1500-first-bet-offer-for-illinois-vs-indiana-any-cfb-game,0,1,0%
https://www.actionnetwork.com/legal-online-sports-betting/betmgm-new-jersey-bonus-code-actionget-get-up-to-1500-in-bonus-bets-on-psg-vs-real-madrid-club-world-cup-at-metlife-stadium,0,1,0%
https://www.actionnetwork.com/legal-online-sports-betting/betrivers-promo-code-claim-500-bonus-bet-to-wager-on-paul-skenes-pirates-vs-brewers-today,0,1,0%
https://www.actionnetwork.com/legal-online-sports-betting/big-12-betting-promos-secure-over-5k-in-bonus-bets-for-iowa-state-vs-kansas-state-college-football-week-0-today,0,1,0%
https://www.actionnetwork.com/legal-online-sports-betting/caesars-sportsbook-promo-code-action420x-bet-1-to-double-your-winnings-on-your-next-20-cfb-bets-on-the-ncaaf-slate,0,1,0%
https://www.actionnetwork.com/legal-online-sports-betting/caesars-sportsbook-promo-code-action420x-double-winnings-20-bets-any-sport-mlb,0,1,0%
https://www.actionnetwork.com/legal-online-sports-betting/caesars-sportsbook-promo-code-action420x-double-your-winnings-20-bets-any-sport-cowboys-eagles-tnf,0,1,0%
https://www.actionnetwork.com/legal-online-sports-betting/caesars-sportsbook-promo-code-action420x-double-your-winnings-for-texas-vs-ohio-state-any-ncaaf-game-today,0,1,0%
https://www.actionnetwork.com/legal-online-sports-betting/canelo-vs-crawford-betting-promos-odds-prediction-and-netflix-watch-info,0,1,0%
https://www.actionnetwork.com/legal-online-sports-betting/chargers-vs-lions-nfl-betting-promos-bet-on-2025-hall-of-fame-game-nfl-kickoff-2025-super-bowl-odds-now,0,1,0%
https://www.actionnetwork.com/legal-online-sports-betting/chiefs-betting-promos-best-mahomes-nfl-prop-bets-today,0,1,0%
https://www.actionnetwork.com/legal-online-sports-betting/club-world-cup-betting-promos-3500-in-sign-up-offers-for-any-soccer-match-today,0,1,0%
https://www.actionnetwork.com/legal-online-sports-betting/college-football-betting-promos-supply-over-5000-in-bonus-bets-for-any-ncaaf-game-including-iowa-state-vs-kansas-state,0,1,0%
https://www.actionnetwork.com/legal-online-sports-betting/college-football-betting-promos-week-1-schedule-odds-and-how-to-claim-ncaaf-sign-up-offers,0,1,0%
https://www.actionnetwork.com/legal-online-sports-betting/dabble-promo-code-action-score-25-sign-up-bonus-for-ncaaf-and-nfl-picks,0,1,0%
https://www.actionnetwork.com/legal-online-sports-betting/draftkings-promo-code-arizona-get-200-in-bonus-bets-for-nfl-thursday-night-football,0,1,0%
https://www.actionnetwork.com/legal-online-sports-betting/draftkings-promo-code-claim-200-in-bonus-bets-for-chiefs-vs-giants-sunday-night-football,0,1,0%
https://www.actionnetwork.com/legal-online-sports-betting/draftkings-promo-code-get-200-crawford-vs-canelo-betting-promo,0,1,0%
https://www.actionnetwork.com/legal-online-sports-betting/draftkings-promo-code-maryland-yields-200-bonus-bets-lions-ravens-mnf-any-game,0,1,0%
https://www.actionnetwork.com/legal-online-sports-betting/draftkings-promo-code-scores-200-bet-and-get-for-tulsa-vs-oklahoma-state-ncaaf-any-game,0,1,0%
https://www.actionnetwork.com/legal-online-sports-betting/draftkings-promo-code-unlocks-200-bonus-bets-200-off-nfl-sunday-ticket-when-you-bet-mlb-nfl-any-sport-today,0,1,0%
https://www.actionnetwork.com/legal-online-sports-betting/draftkings-promo-code-yields-200-bonus-bets-instantly-week-3-ncaaf-any-game-today,0,1,0%
https://www.actionnetwork.com/legal-online-sports-betting/espn-bet-promo-code-action-bet-10-get-100-in-bonus-bets-for-chiefs-vs-chargers-nfl-brazil-game-now,0,1,0%
https://www.actionnetwork.com/legal-online-sports-betting/espn-bet-promo-code-action-get-100-in-bonus-bets-for-nfl-monday-night-football-vikings-vs-bears,0,1,0%
https://www.actionnetwork.com/legal-online-sports-betting/espn-bet-promo-code-action-nets-100-in-bonus-bets-for-commanders-vs-packers-thursday-night-football-any-sport,0,1,0%
https://www.actionnetwork.com/legal-online-sports-betting/exclusive-bet365-bonus-code-topaction-snag-150-in-bonus-bets-or-1000-first-bet-safety-net-for-mlb-home-run-derby-bets-now,0,1,0%
https://www.actionnetwork.com/legal-online-sports-betting/exclusive-betmgm-bonus-code-actionget-score-150-in-bonus-bets-for-mlb-wnba-games-today,0,1,0%
https://www.actionnetwork.com/legal-online-sports-betting/extended-bet365-bonus-code-topaction-unlocks-150-bonus-bets-or-1k-insurance-for-wnba-all-star-game-mlb-on-fox-any-game,0,1,0%
https://www.actionnetwork.com/legal-online-sports-betting/extended-betmgm-bonus-code-actionget-nets-150-bonus-bets-for-cfb-and-nfl-in-mi-nj-pa,0,1,0%
https://www.actionnetwork.com/legal-online-sports-betting/fanatics-sportsbook-arizona-fancash-offer-free-to-play-cash-drop-game-saturday-and-sunday-nets-guaranteed-fancash-for-all-az-bettors,0,1,0%
https://www.actionnetwork.com/legal-online-sports-betting/fanatics-sportsbook-ny-promo-20-25-no-sweat-bets-any-sport-including-nfl-week-1-games,0,1,0%
https://www.actionnetwork.com/legal-online-sports-betting/fanatics-sportsbook-ny-promo-grab-5-100-profit-boost-tokens-best-us-open-betting-promo-today,0,1,0%
https://www.actionnetwork.com/legal-online-sports-betting/fanatics-sportsbook-pennsylvania-promo-score-100-in-no-sweat-bets-for-cowboys-vs-eagles-game-today,0,1,0%
https://www.actionnetwork.com/legal-online-sports-betting/fanatics-sportsbook-promo-300-in-bonus-bets-or-1000-in-no-sweat-bets-available-for-ufc-fight-night-any-sporting-event,0,1,0%
https://www.actionnetwork.com/legal-online-sports-betting/fanatics-sportsbook-promo-claim-300-bet-and-get-offers-or-1000-no-sweat-bets-for-royals-vs-cubs-any-mlb-game,0,1,0%
https://www.actionnetwork.com/legal-online-sports-betting/fanatics-sportsbook-promo-claim-300-bet-and-get-or-1k-in-no-sweat-bets-for-nfl-preseason-any-game,0,1,0%
https://www.actionnetwork.com/legal-online-sports-betting/fanatics-sportsbook-promo-claim-up-to-300-bonus-or-1000-no-sweat-bets-for-rb-salzburg-vs-real-madrid-club-world-cup-any-game-today,0,1,0%
https://www.actionnetwork.com/legal-online-sports-betting/fanatics-sportsbook-promo-code-1000-in-bonus-bets-for-mlb-wnba-on-monday-july-28,0,1,0%
https://www.actionnetwork.com/legal-online-sports-betting/fanatics-sportsbook-promo-code-action-100-fancash-plus-100-no-sweat-bet-every-nfl-college-football-gameday,0,1,0%
https://www.actionnetwork.com/legal-online-sports-betting/fanatics-sportsbook-promo-code-action-best-arizona-cardinals-betting-promo-vs-seahawks-tnf-today,0,1,0%
https://www.actionnetwork.com/legal-online-sports-betting/fanatics-sportsbook-promo-code-action-claim-100-in-fancash-100-in-no-sweat-bets-for-cfb-georgia-vs-tennessee-any-ncaaf-game,0,1,0%
https://www.actionnetwork.com/legal-online-sports-betting/fanatics-sportsbook-promo-code-action-collect-100-in-fancash-100-nfl-no-sweat-bet-for-seahawks-vs-cardinals-tnf-now,0,1,0%
https://www.actionnetwork.com/legal-online-sports-betting/fanatics-sportsbook-promo-code-action-get-100-no-sweat-bets-for-college-football-nfl-week-1-any-game,0,1,0%
https://www.actionnetwork.com/legal-online-sports-betting/fanatics-sportsbook-promo-code-action-get-best-vikings-vs-bears-betting-promo-with-fancash-offers-tonight,0,1,0%
https://www.actionnetwork.com/legal-online-sports-betting/fanatics-sportsbook-promo-code-action-make-20-no-sweat-bets-starting-with-chiefs-vs-chargers-nfl-week-1-tonight-net-100-fancash,0,1,0%
https://www.actionnetwork.com/legal-online-sports-betting/fanatics-sportsbook-promo-code-action-new-users-get-100-tnf-boost-for-kyler-murray-100-fancash-and-100-no-sweat-bet,0,1,0%
https://www.actionnetwork.com/legal-online-sports-betting/fanatics-sportsbook-promo-collect-20-100-no-sweat-bets-for-cfb-week-1-matchups-including-western-illinois-vs-illinois,0,1,0%
https://www.actionnetwork.com/legal-online-sports-betting/fanatics-sportsbook-promo-get-300-in-bonus-bets-for-wnba-games-fever-vs-liberty,0,1,0%
https://www.actionnetwork.com/legal-online-sports-betting/fanatics-sportsbook-promo-get-up-to-300-in-bonus-bets-for-nba-draft-any-sporting-event,0,1,0%
https://www.actionnetwork.com/legal-online-sports-betting/fanatics-sportsbook-promo-get-up-to-300-in-bonus-bets-for-nfl-preseason-colts-vs-ravens,0,1,0%
https://www.actionnetwork.com/legal-online-sports-betting/fanatics-sportsbook-promo-get-up-to-300-in-bonus-bets-or-1000-in-no-sweat-bets-for-rays-vs-yankees-any-game-today,0,1,0%
https://www.actionnetwork.com/legal-online-sports-betting/fanatics-sportsbook-promo-grab-300-bonus-or-1k-in-no-sweat-bets-for-mlb-any-game-today,0,1,0%
https://www.actionnetwork.com/legal-online-sports-betting/fanatics-sportsbook-promo-new-2600-welcome-bonus-available-for-football-games-now,0,1,0%
https://www.actionnetwork.com/legal-online-sports-betting/fanatics-sportsbook-promo-pocket-up-to-300-bonus-or-1k-no-sweat-bets-for-mlb-all-star-game-caitlin-clark-and-fever-wnba-any-game-today,0,1,0%
https://www.actionnetwork.com/legal-online-sports-betting/fanatics-sportsbook-promo-score-300-in-bonus-bets-or-1000-in-no-sweat-bets-for-any-game-or-sporting-event,0,1,0%
https://www.actionnetwork.com/legal-online-sports-betting/fanatics-sportsbook-promo-snag-300-in-bonus-bets-or-1k-in-no-sweat-bets-for-braves-vs-reds-mlb-any-sport,0,1,0%
https://www.actionnetwork.com/legal-online-sports-betting/fanatics-sportsbook-promo-snag-300-in-bonus-bets-or-1k-in-no-sweat-bets-for-twins-vs-yankees-mlb-any-monday-sports,0,1,0%
https://www.actionnetwork.com/legal-online-sports-betting/fanatics-sportsbook-promo-up-to-1000-in-bonus-bets-available-on-benfica-vs-chelsea-club-world-cup-round-of-16-any-game-today,0,1,0%
https://www.actionnetwork.com/legal-online-sports-betting/fanatics-sportsbook-promo-up-to-300-in-bonus-bets-or-1k-in-no-sweat-bets-for-mlb-any-sport,0,1,0%
https://www.actionnetwork.com/legal-online-sports-betting/fanduel-promo-code-300-bonus-for-bucs-vs-texans-or-chargers-vs-raiders-monday-night-football,0,1,0%
https://www.actionnetwork.com/legal-online-sports-betting/fanduel-promo-code-300-in-bonus-bets-5-winning-bet-vikings-bears-mnf-any-game,0,1,0%
https://www.actionnetwork.com/legal-online-sports-betting/fanduel-promo-code-get-300-bonus-for-thursday-night-football-seahawks-vs-cardinals,0,1,0%
https://www.actionnetwork.com/legal-online-sports-betting/fanduel-promo-code-nets-300-bonus-bets-college-football-betting-promo-today,0,1,0%
https://www.actionnetwork.com/legal-online-sports-betting/fanduel-promo-code-score-300-in-bonus-bets-for-nfl-week-2-games-including-giants-vs-cowboys,0,1,0%
https://www.actionnetwork.com/legal-online-sports-betting/fanduel-promo-code-win-5-bet-unlock-300-in-bonus-bets-for-chiefs-vs-chargers-any-nfl-game,0,1,0%
https://www.actionnetwork.com/legal-online-sports-betting/how-does-the-espn-bet-deposit-match-promo-work-eligible-cashback-explained,0,1,0%
https://www.actionnetwork.com/legal-online-sports-betting/how-to-bet-on-juventus-man-city-club-world-cup-without-fanduel-draftkings-hard-rock-today,0,1,0%
https://www.actionnetwork.com/legal-online-sports-betting/how-to-bet-on-mlb-home-run-derby-and-all-star-game-without-fanduel-dk,0,1,0%
https://www.actionnetwork.com/legal-online-sports-betting/how-to-use-bet365-bonus-bets-in-kansas-150-welcome-offer-bet-now,0,1,0%
https://www.actionnetwork.com/legal-online-sports-betting/how-to-use-bet365-bonus-bets-kansas-city-chiefs-bets,0,1,0%
https://www.actionnetwork.com/legal-online-sports-betting/iowa-state-vs-kansas-state-ncaaf-betting-promos-claim-5100-in-sportsbook-offers-for-college-football-week-0-opener,0,1,0%
https://www.actionnetwork.com/legal-online-sports-betting/kansas-city-chiefs-betting-promos-2025-nfl-season-4500-in-sports-betting-bonus-today,0,1,0%
https://www.actionnetwork.com/legal-online-sports-betting/kansas-sportsbook-promos-claim-2-9k-in-bonus-bets-with-top-offers-today-including-new-bet365-kansas-bonus-code-to-bet-chiefs-vs-cardinals,0,1,0%
https://www.actionnetwork.com/legal-online-sports-betting/kansas-sportsbook-promos-collect-3100-in-sign-up-bonus-value-for-bets-on-royals-chiefs-all-sports,0,1,0%
https://www.actionnetwork.com/legal-online-sports-betting/kansas-sportsbook-promos-over-3000-bonus-bets-chiefs-vs-seahawks-nfl-preseason-any-game-today,0,1,0%
https://www.actionnetwork.com/legal-online-sports-betting/kansas-sportsbook-promos-unlock-thousands-in-bonus-value-for-chiefs-royals-any-sport,0,1,0%
https://www.actionnetwork.com/legal-online-sports-betting/kentucky-sports-betting-age-limits-which-sites-are-18-and-which-are-21,0,1,0%
https://www.actionnetwork.com/legal-online-sports-betting/lions-vs-ravens-betting-promos-for-nfl-monday-night-football-week-3,0,1,0%
https://www.actionnetwork.com/legal-online-sports-betting/mlb-betting-promos-for-july-4th-games-today-claim-up-to-3600-in-bonuses-at-top-sportsbooks-now,0,1,0%
https://www.actionnetwork.com/legal-online-sports-betting/mlb-betting-promos-for-mlb-network-tv-schedule-any-game-today-including-mets-vs-orioles,0,1,0%
https://www.actionnetwork.com/legal-online-sports-betting/mlb-betting-promos-for-yankees-vs-mets-subway-series-any-game-today,0,1,0%
https://www.actionnetwork.com/legal-online-sports-betting/mlb-betting-promos-provide-up-to-3-5k-in-bonus-bets-for-any-game-including-yankees-vs-blue-jays,0,1,0%
https://www.actionnetwork.com/legal-online-sports-betting/mlb-betting-promos-unlock-4800-in-bonus-bets-for-3-games-on-fox-today,0,1,0%
https://www.actionnetwork.com/legal-online-sports-betting/mlb-betting-promos-yield-up-to-3500-in-bonuses-for-any-game-today-this-weekend,0,1,0%
https://www.actionnetwork.com/legal-online-sports-betting/ncaaf-betting-promos-claim-5100-in-sportsbook-offers-for-college-football-week-0-opener,0,1,0%
https://www.actionnetwork.com/legal-online-sports-betting/new-150-betmgm-bonus-code-actionget-available-for-mlb-and-wnba-games-any-sport,0,1,0%
https://www.actionnetwork.com/legal-online-sports-betting/new-bet365-bonus-code-topaction-score-150-betting-bonus-for-mlb-wnba-any-game-today,0,1,0%
https://www.actionnetwork.com/legal-online-sports-betting/new-betmgm-bonus-code-actionget-yields-150-bet-and-get-for-mlb-wnba-any-sport,0,1,0%
https://www.actionnetwork.com/legal-online-sports-betting/new-fanatics-sportsbook-promo-grab-20-100-no-sweat-bets-for-ncaaf-games-this-week-any-sport,0,1,0%
https://www.actionnetwork.com/legal-online-sports-betting/new-underdog-promo-code-topaction-get-50-bonus-instantly-on-friday-nfl-preseason-games-any-sport-this-weekend,0,1,0%
https://www.actionnetwork.com/legal-online-sports-betting/nfl-betting-promos-for-preseason-week-1-claim-thousands-in-bonus-value-for-nfl-network-games-today,0,1,0%
https://www.actionnetwork.com/legal-online-sports-betting/nfl-betting-promos-odds-and-lines-week-3,0,1,0%
https://www.actionnetwork.com/legal-online-sports-betting/nfl-betting-promos-preseason-week-1-claim-3500-bonus-bets-dolphins-bears-saints-chargers-today,0,1,0%
https://www.actionnetwork.com/legal-online-sports-betting/nfl-betting-promos-today-for-hall-of-fame-game-2025-bet-on-chargers-vs-lions-nfl-kickoff-from-canton-ohio,0,1,0%
https://www.actionnetwork.com/legal-online-sports-betting/prizepicks-promo-code-acionmax-50-bonus-5-lineup-mlb-picks-any-sport-today,0,1,0%
https://www.actionnetwork.com/legal-online-sports-betting/prizepicks-promo-code-actionmax-get-50-instantly-5-entry-mlb-any-game,0,1,0%
https://www.actionnetwork.com/legal-online-sports-betting/prizepicks-promo-code-actionmax-get-50-instantly-for-braves-vs-reds-mlb-any-game-today,0,1,0%
https://www.actionnetwork.com/legal-online-sports-betting/prizepicks-promo-code-actionmax-get-50-instantly-in-bonus-cash-with-5-entry-on-mlb-games-today,0,1,0%
https://www.actionnetwork.com/legal-online-sports-betting/prizepicks-promo-code-actionmax-get-50-instantly-in-bonus-funds-for-any-sport-including-mlb-and-wnba,0,1,0%
https://www.actionnetwork.com/legal-online-sports-betting/prizepicks-promo-code-actionmax-get-50-instantly-in-bonus-funds-for-mlb-wnba-lineup-today,0,1,0%
https://www.actionnetwork.com/legal-online-sports-betting/prizepicks-promo-code-actionmax-get-50-instantly-in-lineups-for-ncaaf-games-georgia-vs-tennessee,0,1,0%
https://www.actionnetwork.com/legal-online-sports-betting/prizepicks-promo-code-actionmax-get-50-instantly-in-lineups-for-ncaaf-games-today,0,1,0%
https://www.actionnetwork.com/legal-online-sports-betting/prizepicks-promo-code-actionmax-get-50-instantly-with-5-lineup-on-mlb-any-sport-today,0,1,0%
https://www.actionnetwork.com/legal-online-sports-betting/prizepicks-promo-code-actionmax-grab-50-instantly-in-bonus-cash-place-mlb-entries-today,0,1,0%
https://www.actionnetwork.com/legal-online-sports-betting/prizepicks-promo-code-actionmax-place-5-lineup-now-get-50-instantly-in-bonus-funds-for-any-sport,0,1,0%
https://www.actionnetwork.com/legal-online-sports-betting/prizepicks-promo-code-actionmax-place-5-lineup-on-ravens-vs-bills-get-50-welcome-bonus,0,1,0%
https://www.actionnetwork.com/legal-online-sports-betting/prizepicks-promo-code-actionmax-play-5-get-50-in-lineups-for-pacers-vs-thunder-nba-finals-game-7,0,1,0%
https://www.actionnetwork.com/legal-online-sports-betting/prizepicks-promo-code-actionmax-play-5-on-braves-mets-mlb-or-any-game-today-get-50-in-lineups-instantly,0,1,0%
https://www.actionnetwork.com/legal-online-sports-betting/prizepicks-promo-code-actionmax-play-5-on-club-world-cup-final-wnba-mlb-get-50-in-bonus-instantly,0,1,0%
https://www.actionnetwork.com/legal-online-sports-betting/prizepicks-promo-code-actionmax-score-50-in-lineups-for-mlb-club-world-cup-wnba-lineup-today,0,1,0%
https://www.actionnetwork.com/legal-online-sports-betting/prizepicks-promo-code-actionmax-score-50-in-lineups-with-mlb-and-wnba-picks-today,0,1,0%
https://www.actionnetwork.com/legal-online-sports-betting/prizepicks-promo-code-actionmax-snag-50-in-bonus-funds-instantly-for-nfl-preseason-and-mariners-vs-mets-sunday-night-baseball,0,1,0%
https://www.actionnetwork.com/legal-online-sports-betting/prizepicks-promo-code-actionmax-supplies-50-instantly-with-5-entry-on-mlb-any-game,0,1,0%
https://www.actionnetwork.com/legal-online-sports-betting/prizepicks-promo-code-actionmax-supplies-50-instantly-with-5-entry-on-mlb-games-any-sport-today,0,1,0%
https://www.actionnetwork.com/legal-online-sports-betting/psg-vs-inter-miami-club-world-cup-betting-promos-sign-up-and-bet-on-any-soccer-match-today,0,1,0%
https://www.actionnetwork.com/legal-online-sports-betting/report-colts-player-under-investigation-for-betting-on-own-team-pervasive-wagering,0,1,0%
https://www.actionnetwork.com/legal-online-sports-betting/sleeper-fantasy-promo-code-action-claim-100-deposit-match-of-up-to-100-for-ufc-317-any-event,0,1,0%
https://www.actionnetwork.com/legal-online-sports-betting/sleeper-fantasy-promo-code-action-score-100-in-bonus-funds-for-mlb-wnba-any-sport-today,0,1,0%
https://www.actionnetwork.com/legal-online-sports-betting/super-bowl-betting-promos-claim-sign-up-bonuses-at-top-sportsbooks-for-xxx-vs-xxx,0,1,0%
https://www.actionnetwork.com/legal-online-sports-betting/ufc-betting-promos-sign-up-for-3650-in-bonuses-for-ufc-317-topuria-vs-oliveira,0,1,0%
https://www.actionnetwork.com/legal-online-sports-betting/underdog-promo-code-topaction-access-up-to-1000-in-bonus-for-benfica-vs-chelsea-club-world-cup-round-of-16-today,0,1,0%
https://www.actionnetwork.com/legal-online-sports-betting/underdog-promo-code-topaction-claim-50-in-bonus-lineups-for-college-football-picks-from-tcu-vs-unc-today,0,1,0%
https://www.actionnetwork.com/legal-online-sports-betting/underdog-promo-code-topaction-get-up-to-1000-in-bonus-value-for-all-sports-this-weekend-including-mlb-wnba-ufc,0,1,0%
https://www.actionnetwork.com/legal-online-sports-betting/underdog-promo-code-topaction-grab-1k-deposit-match-bonus-for-mlb-games-today,0,1,0%
https://www.actionnetwork.com/legal-online-sports-betting/underdog-promo-code-topaction-secure-1000-in-bonus-for-rangers-vs-astros-mlb-any-game-today,0,1,0%
https://www.actionnetwork.com/legal-online-sports-betting/updated-betmgm-bonus-code-actionget-yields-150-bonus-with-10-first-bet-win-on-any-sport-including-mlb,0,1,0%
https://www.actionnetwork.com/legal-online-sports-betting/upgraded-betmgm-bonus-code-actionget-get-150-bet-and-get-promo-for-mlb-home-run-derby,0,1,0%
https://www.actionnetwork.com/legal-online-sports-betting/upgraded-betmgm-bonus-code-actionget-unlocks-150-in-bonus-bets-for-wnba-all-star-game-mlb-any-sport,0,1,0%
https://www.actionnetwork.com/legal-online-sports-betting/use-bet365-bonus-code-topaction-for-150-bonus-or-1k-first-bet-offer-to-bet-mlb-games-any-sport,0,1,0%
https://www.actionnetwork.com/legal-online-sports-betting/use-bet365-bonus-code-topaction-for-best-mlb-betting-promo-get-150-bonus-or-1k-first-bet-for-fox-games,0,1,0%
https://www.actionnetwork.com/legal-online-sports-betting/use-bet365-bonus-code-topaction-for-best-sunday-night-baseball-betting-promo-to-bet-tigers-vs-phillies-claim-150-in-bonus-bets,0,1,0%
https://www.actionnetwork.com/legal-online-sports-betting/use-betmgm-bonus-code-actionget-for-150-bonus-to-bet-final-round-of-open-championship-any-sport-today,0,1,0%
https://www.actionnetwork.com/legal-online-sports-betting/use-fanatics-sportsbook-promo-for-250-bonus-or-1000-no-sweat-bets-offer-to-bet-mlb-any-market,0,1,0%
https://www.actionnetwork.com/legal-online-sports-betting/use-prizepicks-promo-code-actionmax-for-50-instantly-with-5-mlb-lineup-for-4th-of-july-games,0,1,0%
https://www.actionnetwork.com/legal-online-sports-betting/use-underdog-promo-code-topaction-to-get-1k-deposit-match-offer-for-mlb-entries-any-sport-today,0,1,0%
https://www.actionnetwork.com/legal-online-sports-betting/wnba-betting-promos-claim-top-sign-up-bonus-offers-any-game-today,0,1,0%